{
  "audio_file": "songs/individual/ANDROMEDA, elysian. - MONTAGEM COMA.mp3",
  "duration": 72.97414965986394,
  "sample_rate": 22050,
  "tempo_bpm": 117.45383522727273,
  "beat_times": [
    0.06965986394557823,
    0.5572789115646258,
    1.0913378684807256,
    1.6021768707482993,
    2.1130158730158732,
    2.6006349206349206,
    3.0882539682539685,
    3.575873015873016,
    4.08671201814059,
    4.574331065759637,
    5.085170068027211,
    5.596009070294785,
    6.0836281179138325,
    6.594467120181406,
    7.082086167800454,
    7.592925170068027,
    8.080544217687075,
    8.568163265306122,
    9.079002267573696,
    9.58984126984127,
    10.077460317460318,
    10.588299319727891,
    11.099138321995465,
    11.586757369614512,
    12.097596371882085,
    12.60843537414966,
    13.096054421768708,
    13.606893424036281,
    14.094512471655328,
    14.605351473922903,
    15.09297052154195,
    15.580589569160997,
    16.091428571428573,
    16.602267573696146,
    17.08988662131519,
    17.600725623582765,
    18.088344671201813,
    18.599183673469387,
    19.086802721088436,
    19.574421768707484,
    20.085260770975058,
    20.59609977324263,
    21.106938775510205,
    21.59455782312925,
    22.105396825396827,
    22.593015873015872,
    23.103854875283446,
    23.591473922902495,
    24.102312925170068,
    24.61315192743764,
    25.10077097505669,
    25.611609977324264,
    26.09922902494331,
    26.610068027210886,
    27.09768707482993,
    27.608526077097505,
    28.11936507936508,
    28.606984126984127,
    29.094603174603176,
    29.60544217687075,
    30.093061224489794,
    30.603900226757368,
    31.091519274376417,
    31.60235827664399,
    32.08997732426304,
    32.60081632653061,
    33.111655328798186,
    33.599274376417235,
    34.08689342403628,
    34.59773242630386,
    35.10857142857143,
    35.59619047619048,
    36.08380952380952,
    36.594648526077094,
    37.10548752834467,
    37.593106575963716,
    38.10394557823129,
    38.59156462585034,
    39.10240362811791,
    39.59002267573696,
    40.100861678004534,
    40.58848072562358,
    41.09931972789116,
    41.586938775510205,
    42.09777777777778,
    42.60861678004535,
    43.0962358276644,
    43.58385487528345,
    44.09469387755102,
    44.6055328798186,
    45.09315192743764,
    45.60399092970521,
    46.09160997732426,
    46.602448979591834,
    47.09006802721088,
    47.600907029478456,
    48.088526077097505,
    48.59936507936508,
    49.11020408163265,
    49.5978231292517,
    50.08544217687075,
    50.59628117913832,
    51.1071201814059,
    51.594739229024945,
    52.10557823129252,
    52.61641723356009,
    53.10403628117914,
    53.59165532879818,
    54.102494331065756,
    54.61333333333334,
    55.10095238095238,
    55.58857142857143,
    56.099410430839,
    56.65668934240363,
    57.213968253968254,
    57.79446712018141,
    58.32852607709751,
    58.83936507936508,
    59.350204081632654,
    59.8378231292517,
    60.348662131519276,
    60.836281179138325,
    61.3471201814059,
    61.83473922902494,
    62.345578231292514,
    62.85641723356009,
    63.344036281179136,
    63.85487528344671,
    64.34249433106577,
    64.85333333333334,
    65.34095238095239,
    65.85179138321996,
    66.339410430839,
    66.85024943310657,
    67.33786848072562,
    67.84870748299319,
    68.35954648526076,
    68.84716553287981,
    69.33478458049886,
    69.84562358276644,
    70.35646258503401,
    70.84408163265306,
    71.35492063492063,
    71.8657596371882,
    72.46947845804989
  ],
  "num_beats": 145,
  "fullspectrum": {
    "tempo_bpm": 117.45383522727273,
    "small_peak_times": [
      3.0882539682539685,
      3.575873015873016,
      4.574331065759637,
      6.0836281179138325,
      6.594467120181406,
      8.080544217687075,
      8.452063492063493,
      8.846802721088435,
      9.334421768707482,
      9.845260770975056,
      10.47219954648526,
      10.843718820861678,
      11.099138321995465,
      11.354557823129252,
      11.842176870748299,
      12.469115646258503,
      12.84063492063492,
      13.583673469387755,
      14.466031746031746,
      14.837551020408164,
      15.836009070294784,
      16.46294784580499,
      20.48,
      20.851519274376418,
      21.59455782312925,
      21.849977324263037,
      22.105396825396827,
      22.47691609977324,
      22.84843537414966,
      23.336054421768708,
      23.591473922902495,
      23.84689342403628,
      24.473832199546486,
      24.845351473922904,
      25.356190476190477,
      28.46766439909297,
      29.60544217687075,
      30.83609977324263,
      31.091519274376417,
      31.346938775510203,
      31.834557823129252,
      33.34385487528345,
      33.8314739229025,
      34.4584126984127,
      34.853151927437644,
      35.34077097505669,
      35.851609977324266,
      36.08380952380952,
      36.47854875283447,
      36.85006802721088,
      37.593106575963716,
      37.8485260770975,
      38.10394557823129,
      38.47546485260771,
      38.846984126984125,
      39.334603174603174,
      39.84544217687075,
      40.47238095238095,
      40.84390022675737,
      41.35473922902494,
      41.586938775510205,
      41.84235827664399,
      43.83927437641724,
      44.46621315192744,
      44.83773242630385,
      45.348571428571425,
      45.60399092970521,
      46.46312925170068,
      46.834648526077096,
      47.83310657596372,
      49.5978231292517,
      52.10557823129252,
      53.59165532879818,
      54.84553287981859,
      55.10095238095238,
      56.099410430839,
      56.47092970521542,
      58.46784580498866,
      58.83936507936508,
      59.350204081632654,
      59.8378231292517,
      60.46476190476191,
      60.836281179138325,
      61.602539682539685,
      62.461678004535145,
      63.85487528344671,
      64.08707482993198,
      64.85333333333334,
      65.85179138321996,
      66.85024943310657,
      67.84870748299319,
      68.10412698412698,
      68.4756462585034,
      68.84716553287981,
      69.33478458049886,
      69.59020408163265,
      70.47256235827665,
      70.84408163265306,
      71.35492063492063,
      71.84253968253968,
      72.46947845804989,
      72.8409977324263
    ],
    "big_peak_times": [
      0.06965986394557823,
      1.0913378684807256,
      5.085170068027211,
      7.082086167800454,
      7.592925170068027,
      9.079002267573696,
      9.58984126984127,
      10.077460317460318,
      12.097596371882085,
      13.351473922902494,
      13.839092970521541,
      14.094512471655328,
      15.348390022675737,
      16.091428571428573,
      17.345306122448978,
      18.088344671201813,
      20.085260770975058,
      21.339138321995463,
      24.102312925170068,
      27.840725623582767,
      28.83918367346939,
      30.093061224489794,
      30.464580498866212,
      31.579138321995465,
      32.08997732426304,
      32.46149659863946,
      33.599274376417235,
      34.08689342403628,
      37.33768707482993,
      40.100861678004534,
      42.09777777777778,
      44.09469387755102,
      45.836190476190474,
      46.09160997732426,
      47.34548752834467,
      48.088526077097505,
      50.08544217687075,
      53.84707482993197,
      54.102494331065756,
      58.096326530612245,
      60.09324263038549,
      61.3471201814059,
      61.83473922902494,
      62.09015873015873,
      63.344036281179136,
      65.34095238095239,
      65.59637188208617,
      66.08399092970521,
      67.33786848072562,
      69.84562358276644,
      70.10104308390022,
      72.09795918367347
    ]
  },
  "percussive": {
    "tempo_bpm": 117.45383522727273,