{
  "audio_file": "songs\\individual\\Ariis - FUNK DO BOUNCE (Slowed).mp3",
  "duration": 105.96680272108844,
  "sample_rate": 22050,
  "tempo_bpm": 112.34714673913044,
  "beat_times": [
    0.06965986394557823,
    0.5340589569160997,
    0.9984580498866213,
    1.4628571428571429,
    1.9969160997732427,
    2.5309750566893423,
    3.0418140589569163,
    3.575873015873016,
    4.1099319727891155,
    4.667210884353741,
    5.224489795918367,
    5.804988662131519,
    6.339047619047619,
    6.849886621315193,
    7.383945578231293,
    7.894784580498866,
    8.382403628117913,
    8.986122448979591,
    9.543401360544218,
    10.077460317460318,
    10.634739229024943,
    11.168798185941043,
    11.702857142857143,
    12.26013605442177,
    12.817414965986394,
    13.374693877551021,
    13.908752834467121,
    14.489251700680272,
    15.023310657596372,
    15.580589569160997,
    16.114648526077097,
    16.648707482993196,
    17.182766439909297,
    17.740045351473924,
    18.250884353741498,
    18.784943310657596,
    19.319002267573698,
    19.853061224489796,
    20.387120181405894,
    20.94439909297052,
    21.43201814058957,
    22.035736961451246,
    22.593015873015872,
    23.127074829931974,
    23.661133786848072,
    24.2184126984127,
    24.752471655328797,
    25.2865306122449,
    25.774149659863944,
    26.377868480725624,
    26.93514739229025,
    27.46920634920635,
    28.003265306122447,
    28.560544217687074,
    29.094603174603176,
    29.6518820861678,
    30.1859410430839,
    30.72,
    31.277278911564625,
    31.811337868480727,
    32.36861678004535,
    32.90267573696145,
    33.436734693877554,
    33.99401360544218,
    34.528072562358275,
    35.062131519274374,
    35.619410430839004,
    36.1534693877551,
    36.710748299319725,
    37.24480725623583,
    37.77886621315193,
    38.31292517006803,
    38.87020408163265,
    39.42748299319728,
    39.96154195011338,
    40.49560090702948,
    41.05287981859411,
    41.586938775510205,
    42.14421768707483,
    42.67827664399093,
    43.23555555555556,
    43.769614512471655,
    44.30367346938775,
    44.83773242630385,
    45.39501133786848,
    45.92907029478458,
    46.4863492063492,
    47.02040816326531,
    47.57768707482993,
    48.11174603174603,
    48.64580498866213,
    49.20308390022676,
    49.73714285714286,
    50.271201814058955,
    50.828480725623585,
    51.36253968253968,
    51.919818594104306,
    52.453877551020405,
    52.98793650793651,
    53.54521541950113,
    54.07927437641723,
    54.61333333333334,
    55.17061224489796,
    55.70467120181406,
    56.26195011337869,
    56.79600907029479,
    57.330068027210885,
    57.88734693877551,
    58.44462585034014,
    58.95546485260771,
    59.512743764172335,
    60.04680272108843,
    60.60408163265306,
    61.13814058956916,
    61.695419501133784,
    62.22947845804989,
    62.76353741496599,
    63.32081632653061,
    63.85487528344671,
    64.38893424036281,
    64.85333333333334,
    65.2712925170068,
    65.78213151927437,
    66.31619047619047,
    66.87346938775511,
    67.4075283446712,
    67.9415873015873,
    68.4756462585034,
    69.03292517006803,
    69.59020408163265,
    70.12426303854875,
    70.65832199546485,
    71.21560090702948,
    71.74965986394558,
    72.28371882086168,
    72.81777777777778,
    73.25895691609978,
    73.7233560090703,
    74.16453514739229,
    74.72181405895692,
    75.25587301587302,
    75.81315192743764,
    76.34721088435374,
    76.88126984126984,
    77.43854875283446,
    77.97260770975056,
    78.50666666666666,
    79.0639455782313,
    79.5980045351474,
    80.15528344671202,
    80.68934240362812,
    81.22340136054422,
    81.78068027210884,
    82.31473922902494,
    82.87201814058957,
    83.40607709750567,
    83.94013605442177,
    84.4974149659864,
    85.03147392290249,
    85.58875283446712,
    86.12281179138321,
    86.65687074829933,
    87.21414965986395,
    87.74820861678005,
    88.28226757369615,
    88.83954648526077,
    89.37360544217687,
    89.93088435374149,
    90.4649433106576,
    91.02222222222223,
    91.55628117913832,
    92.09034013605442,
    92.62439909297052,
    93.08879818594104,
    93.5764172335601,
    94.04081632653062,
    94.55165532879819,
    95.08571428571429,
    95.64299319727891,
    96.20027210884354,
    96.73433106575963,
    97.26839002267573,
    97.80244897959183,
    98.35972789115647,
    98.89378684807257,
    99.45106575963719,
    100.00834467120181,
    100.54240362811791,
    101.07646258503401,
    101.63374149659865,
    102.16780045351474,
    102.70185941043084,
    103.25913832199547,
    103.81641723356009,
    104.35047619047619,
    104.88453514739228,
    105.41859410430838
  ],
  "small_peak_times": [
    1.6718367346938776,
    2.2291156462585033,
    2.5541950113378684,
    3.1811337868480725,
    3.575873015873016,
    4.040272108843538,
    4.295691609977324,
    5.804988662131519,
    6.849886621315193,
    8.382403628117913,
    9.218321995464853,
    12.283356009070294,
    12.49233560090703,
    14.489251700680272,
    14.86077097505669,
    15.255510204081633,
    15.580589569160997,
    16.370068027210884,
    17.740045351473924,
    19.22612244897959,
    21.24625850340136,
    21.408798185941045,
    21.803537414965987,
    22.035736961451246,
    23.962993197278912,
    24.52027210884354,
    25.774149659863944,
    26.377868480725624,
    28.305124716553287,
    28.560544217687074,
    29.094603174603176,
    29.6518820861678,
    30.72,
    32.90267573696145,
    33.99401360544218,
    35.062131519274374,
    36.1534693877551,
    37.24480725623583,
    37.77886621315193,
    40.24018140589569,
    41.586938775510205,
    42.399637188208615,
    42.67827664399093,
    43.490975056689344,
    43.769614512471655,
    44.582312925170065,
    45.67365079365079,
    45.92907029478458,
    46.74176870748299,
    47.83310657596372,
    49.179863945578234,
    50.828480725623585,
    51.36253968253968,
    52.98793650793651,
    53.54521541950113,
    54.61333333333334,
    56.26195011337869,
    58.44462585034014,
    60.60408163265306,
    61.13814058956916,
    63.715555555555554,
    64.13351473922903,
    64.38893424036281,
    64.71401360544218,
    64.87655328798186,
    65.48027210884354,
    66.03755102040816,
    67.01278911564626,
    67.662947845805,
    67.9415873015873,
    68.75428571428571,
    69.03292517006803,
    69.21868480725624,
    69.59020408163265,
    69.82240362811791,
    70.12426303854875,
    70.65832199546485,
    70.91374149659863,
    71.35492063492063,
    72.00507936507937,
    72.81777777777778,
    73.9091156462585,
    77.43854875283446,
    78.25124716553287,
    81.22340136054422,
    81.78068027210884,
    82.59337868480726,
    82.87201814058957,
    83.68471655328798,
    84.7760544217687,
    85.8441723356009,
    86.93551020408164,
    87.21414965986395,
    88.02684807256236,
    89.11818594104308,
    90.20952380952382,
    90.4649433106576,
    91.55628117913832,
    92.36897959183673,
    92.62439909297052,
    93.46031746031746,
    94.55165532879819,
    94.80707482993198,
    95.8984126984127,
    96.9665306122449,
    97.80244897959183,
    98.08108843537416,
    98.89378684807257,
    99.6368253968254,
    100.82104308390022,
    101.37832199546486,
    101.63374149659865,
    102.46965986394558,
    103.53777777777778,
    103.81641723356009,
    104.6291156462585,
    105.1631746031746,
    105.74367346938776
  ],