{
  "audio_file": "songs\\individual\\ATLXS - PASSO BEM SOLTO - Slowed.mp3",
  "duration": 115.9978231292517,
  "sample_rate": 22050,
  "tempo_bpm": 117.45383522727273,
  "beat_times": [
    0.09287981859410431,
    0.6733786848072563,
    1.230657596371882,
    1.811156462585034,
    2.414875283446712,
    2.9257142857142857,
    3.436553287981859,
    3.947392290249433,
    4.481451247165533,
    4.992290249433107,
    5.456689342403628,
    5.944308390022676,
    6.362267573696145,
    6.780226757369615,
    7.314285714285714,
    7.801904761904762,
    8.335963718820862,
    8.893242630385487,
    9.404081632653062,
    9.914920634920636,
    10.425759637188209,
    10.95981859410431,
    11.493877551020407,
    12.004716553287983,
    12.515555555555556,
    13.02639455782313,
    13.537233560090703,
    14.048072562358277,
    14.582131519274377,
    15.09297052154195,
    15.62702947845805,
    16.137868480725622,
    16.648707482993196,
    17.159546485260773,
    17.670385487528346,
    18.18122448979592,
    18.715283446712018,
    19.22612244897959,
    19.736961451247165,
    20.271020408163267,
    20.78185941043084,
    21.292698412698414,
    21.803537414965987,
    22.337596371882086,
    22.84843537414966,
    23.38249433106576,
    23.893333333333334,
    24.404172335600908,
    24.938231292517006,
    25.44907029478458,
    25.959909297052153,
    26.470748299319727,
    27.00480725623583,
    27.515646258503402,
    28.026485260770976,
    28.560544217687074,
    29.071383219954647,
    29.58222222222222,
    30.093061224489794,
    30.627120181405896,
    31.13795918367347,
    31.672018140589568,
    32.182857142857145,
    32.69369614512472,
    33.22775510204082,
    33.73859410430839,
    34.249433106575964,
    34.76027210884354,
    35.294331065759636,
    35.80517006802721,
    36.31600907029478,
    36.85006802721088,
    37.36090702947846,
    37.871746031746035,
    38.38258503401361,
    38.91664399092971,
    39.42748299319728,
    39.938321995464854,
    40.47238095238095,
    40.983219954648526,
    41.517278911564624,
    42.0281179138322,
    42.53895691609977,
    43.049795918367344,
    43.58385487528345,
    44.09469387755102,
    44.6055328798186,
    45.139591836734695,
    45.65043083900227,
    46.16126984126984,
    46.672108843537416,
    47.206167800453514,
    47.71700680272109,
    48.22784580498866,
    48.76190476190476,
    49.27274376417233,
    49.80680272108844,
    50.31764172335601,
    50.828480725623585,
    51.36253968253968,
    51.89659863945578,
    52.407437641723355,
    52.895056689342404,
    53.4291156462585,
    53.9631746031746,
    54.474013605442174,
    54.98485260770975,
    55.49569160997732,
    56.006530612244894,
    56.517369614512475,
    57.05142857142857,
    57.56226757369615,
    58.07310657596372,
    58.60716553287982,
    59.11800453514739,
    59.628843537414966,
    60.162902494331064,
    60.69696145124716,
    61.18458049886621,
    61.695419501133784,
    62.22947845804989,
    62.74031746031746,
    63.25115646258504,
    63.76199546485261,
    64.2960544217687,
    64.83011337868481,
    65.34095238095239,
    65.85179138321996,
    66.38585034013606,
    66.89668934240363,
    67.4075283446712,
    67.91836734693878,
    68.45242630385488,
    68.96326530612245,
    69.47410430839003,
    70.00816326530612,
    70.5190022675737,
    71.02984126984127,
    71.56390022675737,
    72.07473922902494,
    72.58557823129252,
    73.11963718820861,
    73.63047619047619,
    74.14131519274376,
    74.67537414965986,
    75.18621315192743,
    75.697052154195,
    76.20789115646258,
    76.74195011337868,
    77.25278911564625,
    77.76362811791383,
    78.27446712018141,
    78.80852607709751,
    79.31936507936508,
    79.83020408163266,
    80.36426303854876,
    80.87510204081633,
    81.3859410430839,
    81.92,
    82.43083900226758,
    82.96489795918367,
    83.49895691609977,
    83.98657596371882,
    84.4974149659864,
    85.03147392290249,
    85.54231292517007,
    86.05315192743764,
    86.56399092970521,
    87.09804988662131,
    87.60888888888888,
    88.11972789115646,
    88.65378684807256,
    89.16462585034013,
    89.6754648526077,
    90.20952380952382,
    90.72036281179139,
    91.23120181405896,
    91.76526077097506,
    92.27609977324263,
    92.78693877551021,
    93.3209977324263,
    93.83183673469388,
    94.34267573696145,
    94.85351473922903,
    95.38757369614513,
    95.8984126984127,
    96.40925170068027,
    96.94331065759637,
    97.45414965986394,
    97.96498866213152,
    98.47582766439909,
    99.00988662131519,
    99.52072562358276,
    100.05478458049886,
    100.56562358276643,
    101.07646258503401,
    101.6105215419501,
    102.1213605442177,
    102.63219954648527,
    103.14303854875284,
    103.67709750566894,
    104.18793650793651,
    104.69877551020409,
    105.23283446712018,
    105.74367346938776,
    106.25451247165533,
    106.78857142857143,
    107.299410430839,
    107.81024943310658,
    108.32108843537415,
    108.85514739229025,
    109.36598639455782,
    109.90004535147392,
    110.4108843537415,
    110.92172335600907,
    111.43256235827664,
    111.96662131519274,
    112.47746031746031,
    112.98829931972789,
    113.52235827664398,
    114.03319727891156,
    114.54403628117913,
    115.0548752834467,
    115.56571428571428
  ],