{
  "audio_file": "songs\\individual\\fennecoxx, DJ ALEX - SPOOKY.mp3",
  "duration": 95.98802721088435,
  "sample_rate": 22050,
  "tempo_bpm": 129.19921875,
  "beat_times": [
    0.09287981859410431,
    0.5804988662131519,
    1.0448979591836736,
    1.5325170068027212,
    2.020136054421769,
    2.48453514739229,
    2.948934240362812,
    3.4133333333333336,
    3.8545124716553287,
    4.295691609977324,
    4.783310657596372,
    5.2477097505668935,
    5.712108843537415,
    6.176507936507937,
    6.617687074829932,
    7.082086167800454,
    7.546485260770975,
    7.987664399092971,
    8.452063492063493,
    8.916462585034013,
    9.380861678004536,
    9.822040816326531,
    10.309659863945578,
    10.750839002267574,
    11.23845804988662,
    11.679637188208616,
    12.167256235827665,
    12.60843537414966,
    13.072834467120181,
    13.514013605442177,
    14.001632653061224,
    14.44281179138322,
    14.907210884353741,
    15.371609977324264,
    15.81278911564626,
    16.27718820861678,
    16.741587301587302,
    17.205986394557822,
    17.670385487528346,
    18.134784580498867,
    18.575963718820862,
    19.040362811791383,
    19.504761904761907,
    19.969160997732427,
    20.433560090702947,
    20.897959183673468,
    21.36235827664399,
    21.803537414965987,
    22.267936507936508,
    22.732335600907028,
    23.196734693877552,
    23.661133786848072,
    24.125532879818593,
    24.589931972789117,
    25.054331065759637,
    25.518730158730158,
    25.959909297052153,
    26.424308390022677,
    26.888707482993198,
    27.353106575963718,
    27.817505668934242,
    28.281904761904762,
    28.746303854875283,
    29.18748299319728,
    29.6518820861678,
    30.116281179138323,
    30.580680272108843,
    31.045079365079363,
    31.509478458049887,
    31.973877551020408,
    32.43827664399093,
    32.90267573696145,
    33.34385487528345,
    33.80825396825397,
    34.27265306122449,
    34.73705215419501,
    35.20145124716553,
    35.66585034013605,
    36.13024943310658,
    36.594648526077094,
    37.03582766439909,
    37.50022675736962,
    37.964625850340134,
    38.42902494331066,
    38.89342403628118,
    39.3578231292517,
    39.82222222222222,
    40.28662131519275,
    40.751020408163264,
    41.19219954648526,
    41.65659863945578,
    42.120997732426304,
    42.58539682539683,
    43.049795918367344,
    43.51419501133787,
    43.97859410430839,
    44.419773242630384,
    44.88417233560091,
    45.348571428571425,
    45.836190476190474,
    46.300589569161,
    46.74176870748299,
    47.206167800453514,
    47.67056689342404,
    48.134965986394555,
    48.59936507936508,
    49.0637641723356,
    49.55138321995465,
    50.01578231292517,
    50.45696145124717,
    50.89814058956916,
    51.38575963718821,
    51.82693877551021,
    52.291337868480724,
    52.73251700680272,
    53.19691609977324,
    53.661315192743764,
    54.12571428571429,
    54.590113378684805,
    55.031292517006804,
    55.49569160997732,
    55.960090702947845,
    56.42448979591837,
    56.888888888888886,
    57.35328798185941,
    57.817687074829934,
    58.28208616780045,
    58.72326530612245,
    59.187664399092974,
    59.65206349206349,
    60.116462585034014,
    60.58086167800454,
    61.045260770975055,
    61.50965986394558,
    61.9740589569161,
    62.415238095238095,
    62.87963718820862,
    63.344036281179136,
    63.80843537414966,
    64.27283446712018,
    64.7372335600907,
    65.20163265306122,
    65.66603174603175,
    66.10721088435375,
    66.57160997732426,
    67.03600907029478,
    67.5004081632653,
    67.98802721088435,
    68.45242630385488,
    68.89360544217688,
    69.35800453514739,
    69.82240362811791,
    70.28680272108843,
    70.75120181405896,
    71.21560090702948,
    71.68,
    72.14439909297052,
    72.58557823129252,
    73.04997732426304,
    73.51437641723356,
    73.97877551020409,
    74.4431746031746,
    74.90757369614512,
    75.37197278911565,
    75.83637188208617,
    76.27755102040817,
    76.74195011337868,
    77.2063492063492,
    77.67074829931973,
    78.13514739229025,
    78.59954648526077,
    79.0639455782313,
    79.50512471655328,
    79.9695238095238,
    80.43392290249433,
    80.89832199546485,
    81.36272108843538,
    81.80390022675736,
    82.26829931972789,
    82.73269841269841,
    83.19709750566894,
    83.66149659863946,
    84.12589569160998,
    84.5902947845805,
    85.05469387755102,
    85.49587301587302,
    85.96027210884354,
    86.42467120181406,
    86.88907029478457,
    87.3534693877551,
    87.81786848072562,
    88.28226757369615,
    88.72344671201814,
    89.18784580498867,
    89.65224489795918,
    90.1166439909297,
    90.58104308390023,
    91.04544217687075,
    91.50984126984127,
    91.9742403628118,
    92.43863945578231,
    92.87981859410431,
    93.34421768707483,
    93.80861678004536,
    94.27301587301588,
    94.73741496598639,
    95.17859410430839,
    95.57333333333334
  ],
  "small_peak_times": [
    0.34829931972789113,
    2.182675736961451,
    2.2987755102040817,
    2.48453514739229,
    3.2275736961451247,
    3.3901133786848074,
    4.156371882086168,
    5.085170068027211,
    5.2477097505668935,
    6.594467120181406,
    6.780226757369615,
    7.546485260770975,
    7.825124716553288,
    8.452063492063493,
    10.309659863945578,
    11.23845804988662,
    13.072834467120181,
    14.44281179138322,
    15.371609977324264,
    15.81278911564626,
    16.27718820861678,
    17.205986394557822,
    17.670385487528346,
    18.134784580498867,
    18.575963718820862,
    19.969160997732427,
    20.433560090702947,
    20.897959183673468,
    21.36235827664399,
    21.803537414965987,
    22.267936507936508,
    22.732335600907028,
    24.589931972789117,
    25.054331065759637,
    25.518730158730158,
    25.959909297052153,
    26.424308390022677,
    27.353106575963718,
    28.281904761904762,
    28.746303854875283,
    29.18748299319728,
    29.6518820861678,
    30.116281179138323,
    31.045079365079363,
    31.509478458049887,
    32.43827664399093,
    34.27265306122449,
    34.73705215419501,
    35.20145124716553,
    36.13024943310658,
    37.50022675736962,
    38.42902494331066,
    38.89342403628118,
    39.82222222222222,
    41.65659863945578,
    42.120997732426304,
    42.58539682539683,
    43.51419501133787,
    43.97859410430839,
    44.88417233560091,
    46.509569160997735,
    47.41514739229025,
    48.36716553287982,
    48.59936507936508,
    49.0637641723356,
    52.291337868480724,
    53.661315192743764,
    54.12571428571429,
    54.590113378684805,
    55.51891156462585,
    55.960090702947845,
    56.42448979591837,
    57.35328798185941,
    57.817687074829934,
    58.28208616780045,
    59.187664399092974,
    61.50965986394558,
    62.902857142857144,
    64.7372335600907,
    65.20163265306122,
    65.66603174603175,
    66.57160997732426,
    67.03600907029478,
    76.74195011337868,
    77.2063492063492,
    77.67074829931973,
    78.13514739229025,
    78.59954648526077,
    79.0639455782313,
    80.43392290249433,
    81.36272108843538,
    82.26829931972789,
    83.19709750566894,
    84.5902947845805,
    85.05469387755102,
    85.49587301587302,
    85.96027210884354,
    86.42467120181406,
    86.88907029478457,
    87.3534693877551,
    87.81786848072562,
    88.28226757369615,
    88.72344671201814,
    89.18784580498867,
    91.9742403628118,
    92.43863945578231,
    93.34421768707483,
    95.20181405895691
  ],