{
  "audio_file": "songs/individual/fiditam - FUNK SIGILO.mp3",
  "duration": 80.00108843537414,
  "sample_rate": 22050,
  "tempo_bpm": 123.046875,
  "beat_times": [
    0.09287981859410431,
    0.5572789115646258,
    1.0216780045351475,
    1.509297052154195,
    1.8808163265306121,
    2.2523356009070294,
    2.7399546485260773,
    3.2275736961451247,
    3.6919727891156464,
    4.156371882086168,
    4.6439909297052155,
    5.108390022675737,
    5.61922902494331,
    6.0836281179138325,
    6.594467120181406,
    7.082086167800454,
    7.592925170068027,
    8.034104308390022,
    8.498503401360544,
    8.962902494331066,
    9.450521541950113,
    9.93814058956916,
    10.425759637188209,
    10.89015873015873,
    11.377777777777778,
    11.865396825396825,
    12.329795918367347,
    12.817414965986394,
    13.305034013605443,
    13.769433106575963,
    14.257052154195012,
    14.744671201814059,
    15.209070294784581,
    15.696689342403628,
    16.184308390022675,
    16.671927437641724,
    17.136326530612244,
    17.623945578231293,
    18.088344671201813,
    18.575963718820862,
    19.06358276643991,
    19.52798185941043,
    20.01560090702948,
    20.503219954648525,
    20.96761904761905,
    21.455238095238094,
    21.942857142857143,
    22.407256235827663,
    22.894875283446712,
    23.38249433106576,
    23.84689342403628,
    24.33451247165533,
    24.822131519274375,
    25.309750566893424,
    25.774149659863944,
    26.23854875283447,
    26.726167800453513,
    27.190566893424037,
    27.678185941043083,
    28.16580498866213,
    28.676643990929705,
    29.164263038548754,
    29.628662131519274,
    30.093061224489794,
    30.55746031746032,
    31.02185941043084,
    31.509478458049887,
    31.997097505668933,
    32.48471655328798,
    32.97233560090703,
    33.45995464852608,
    33.924353741496596,
    34.411972789115644,
    34.87637188208617,
    35.36399092970522,
    35.851609977324266,
    36.33922902494331,
    36.826848072562356,
    37.29124716553288,
    37.77886621315193,
    38.243265306122446,
    38.70766439909297,
    39.21850340136054,
    39.68290249433107,
    40.170521541950116,
    40.658140589569165,
    41.145759637188206,
    41.61015873015873,
    42.09777777777778,
    42.58539682539683,
    43.049795918367344,
    43.53741496598639,
    44.02503401360544,
    44.489433106575966,
    44.977052154195015,
    45.464671201814056,
    45.92907029478458,
    46.41668934240363,
    46.90430839002268,
    47.368707482993194,
    47.85632653061224,
    48.34394557823129,
    48.808344671201816,
    49.295963718820865,
    49.783582766439906,
    50.24798185941043,
    50.73560090702948,
    51.22321995464853,
    51.687619047619044,
    52.17523809523809,
    52.66285714285714,
    53.127256235827666,
    53.614875283446715,
    54.102494331065756,
    54.56689342403628,
    55.05451247165533,
    55.54213151927438,
    56.029750566893426,
    56.49414965986394,
    56.98176870748299,
    57.51582766439909,
    57.933786848072565,
    58.39818594104308,
    58.862585034013605,
    59.37342403628118,
    59.86104308390023,
    60.348662131519276,
    60.81306122448979,
    61.30068027210884,
    61.78829931972789,
    62.252698412698415,
    62.74031746031746,
    63.20471655328798,
    63.69233560090703,
    64.17995464852608,
    64.66757369614513,
    65.13197278911565,
    65.6195918367347,
    66.10721088435375,
    66.57160997732426,
    67.0592290249433,
    67.54684807256236,
    68.01124716553288,
    68.49886621315193,
    68.98648526077098,
    69.4508843537415,
    69.93850340136055,
    70.4261224489796,
    70.89052154195011,
    71.37814058956916,
    71.8657596371882,
    72.33015873015873,
    72.81777777777778,
    73.30539682539683,
    73.76979591836735,
    74.2574149659864,
    74.74503401360545,
    75.20943310657596,
    75.697052154195,
    76.18467120181406,
    76.64907029478458,
    77.13668934240363,
    77.62430839002268
  ],
  "num_beats": 163,
  "fullspectrum": {
    "tempo_bpm": 123.046875,
    "small_peak_times": [
      1.8575963718820863,
      3.2275736961451247,
      3.436553287981859,
      3.7616326530612243,
      4.6439909297052155,
      5.108390022675737,
      6.826666666666667,
      7.894784580498866,
      8.962902494331066,
      9.218321995464853,
      10.425759637188209,
      10.65795918367347,
      11.377777777777778,
      11.865396825396825,
      12.097596371882085,
      12.585215419501134,
      14.257052154195012,
      14.489251700680272,
      17.136326530612244,
      17.623945578231293,
      18.3437641723356,
      19.52798185941043,
      20.01560090702948,
      20.24780045351474,
      21.942857142857143,
      22.175056689342405,
      22.894875283446712,
      23.38249433106576,
      23.61469387755102,
      24.102312925170068,
      25.518730158730158,
      26.9815873015873,
      30.696780045351474,
      30.83609977324263,
      31.997097505668933,
      32.97233560090703,
      33.69215419501134,
      33.924353741496596,
      35.131791383219955,
      35.36399092970522,
      35.619410430839004,
      35.851609977324266,
      36.826848072562356,
      37.05904761904762,
      37.54666666666667,
      37.77886621315193,
      41.37795918367347,
      42.09777777777778,
      42.58539682539683,
      42.81759637188209,
      43.049795918367344,
      43.30521541950113,
      44.977052154195015,
      45.20925170068027,
      47.85632653061224,
      48.34394557823129,
      48.808344671201816,
      49.0637641723356,
      50.73560090702948,
      50.96780045351474,
      51.45541950113379,
      52.895056689342404,
      53.614875283446715,
      54.102494331065756,
      54.33469387755102,
      54.56689342403628,
      54.82231292517007,
      57.67836734693878,
      58.65360544217687,
      59.37342403628118,
      59.86104308390023,
      60.09324263038549,
      62.02049886621315,
      62.252698412698415,
      63.20471655328798,
      63.69233560090703,
      64.17995464852608,
      64.89977324263039,
      65.13197278911565,
      65.6195918367347,
      65.85179138321996,
      66.339410430839,
      66.57160997732426,
      67.0592290249433,
      67.54684807256236,
      67.77904761904762,
      68.49886621315193,
      69.33478458049886,
      69.93850340136055,
      70.17070294784581,
      70.65832199546485,
      71.37814058956916,
      72.09795918367347,
      72.33015873015873,
      72.81777777777778,
      73.30539682539683,
      73.53759637188209,
      74.2574149659864,
      75.20943310657596,
      75.697052154195,
      76.18467120181406,
      76.41687074829932,
      77.020589569161,
      77.36888888888889,
      77.85650793650794
    ],