{
  "audio_file": "songs/individual/GXMZ, Repsaj - CLIMA LINDO - SLOWED.mp3",
  "duration": 81.98639455782313,
  "sample_rate": 22050,
  "tempo_bpm": 172.265625,
  "beat_times": [
    1.7182766439909296,
    2.089795918367347,
    2.4380952380952383,
    2.786394557823129,
    3.1579138321995464,
    3.4829931972789114,
    3.8545124716553287,
    4.20281179138322,
    4.551111111111111,
    4.922630385487528,
    5.270929705215419,
    5.61922902494331,
    5.9675283446712015,
    6.315827664399093,
    6.6873469387755105,
    7.035646258503402,
    7.383945578231293,
    7.732244897959184,
    8.103764172335602,
    8.452063492063493,
    8.800362811791382,
    9.148662131519274,
    9.496961451247165,
    9.845260770975056,
    10.193560090702947,
    10.565079365079365,
    10.913378684807256,
    11.261678004535147,
    11.633197278911565,
    11.981496598639456,
    12.329795918367347,
    12.678095238095239,
    13.02639455782313,
    13.397913832199546,
    13.746213151927437,
    14.094512471655328,
    14.44281179138322,
    14.79111111111111,
    15.139410430839002,
    15.51092970521542,
    15.85922902494331,
    16.207528344671204,
    16.555827664399093,
    16.92734693877551,
    17.2756462585034,
    17.623945578231293,
    17.972244897959182,
    18.320544217687075,
    18.668843537414965,
    19.040362811791383,
    19.388662131519276,
    19.736961451247165,
    20.085260770975058,
    20.456780045351476,
    20.805079365079365,
    21.153378684807254,
    21.501678004535147,
    21.873197278911565,
    22.221496598639455,
    22.569795918367348,
    22.918095238095237,
    23.26639455782313,
    23.61469387755102,
    23.986213151927437,
    24.33451247165533,
    24.706031746031748,
    25.054331065759637,
    25.402630385487527,
    25.75092970521542,
    26.09922902494331,
    26.447528344671202,
    26.79582766439909,
    27.144126984126984,
    27.515646258503402,
    27.86394557823129,
    28.212244897959184,
    28.560544217687074,
    28.93206349206349,
    29.280362811791385,
    29.628662131519274,
    29.976961451247167,
    30.34848072562358,
    30.696780045351474,
    31.045079365079363,
    31.393378684807256,
    31.741678004535146,
    32.08997732426304,
    32.46149659863946,
    32.80979591836735,
    33.158095238095235,
    33.50639455782313,
    33.877913832199546,
    34.22621315192744,
    34.57451247165533,
    34.94603174603174,
    35.294331065759636,
    35.619410430839004,
    35.99092970521542,
    36.33922902494331,
    36.6875283446712,
    37.03582766439909,
    37.384126984126986,
    37.755646258503404,
    38.10394557823129,
    38.45224489795918,
    38.8237641723356,
    39.172063492063494,
    39.52036281179139,
    39.86866213151927,
    40.216961451247165,
    40.58848072562358,
    40.936780045351476,
    41.28507936507936,
    41.633378684807255,
    42.00489795918367,
    42.353197278911566,
    42.70149659863946,
    43.049795918367344,
    43.39809523809524,
    43.74639455782313,
    44.09469387755102,
    44.46621315192744,
    44.81451247165533,
    45.16281179138322,
    45.51111111111111,
    45.88263038548753,
    46.23092970521542,
    46.57922902494331,
    46.9275283446712,
    47.29904761904762,
    47.64734693877551,
    47.9956462585034,
    48.34394557823129,
    48.692244897959185,
    49.04054421768708,
    49.412063492063496,
    49.76036281179138,
    50.108662131519274,
    50.45696145124717,
    50.828480725623585,
    51.17678004535147,
    51.525079365079364,
    51.87337868480726,
    52.22167800453515,
    52.569977324263036,
    52.94149659863945,
    53.289795918367346,
    53.63809523809524,
    53.98639455782313,
    54.35791383219954,
    54.706213151927436,
    55.05451247165533,
    55.40281179138322,
    55.77433106575964,
    56.122630385487525,
    56.47092970521542,
    56.81922902494331,
    57.167528344671204,
    57.53904761904762,
    57.88734693877551,
    58.2356462585034,
    58.583945578231294,
    58.93224489795919,
    59.3037641723356,
    59.65206349206349,
    60.00036281179138,
    60.348662131519276,
    60.69696145124716,
    61.06848072562358,
    61.41678004535147,
    61.765079365079366,
    62.11337868480726,
    62.461678004535145,
    62.83319727891156,
    63.181496598639455,
    63.52979591836735,
    63.87809523809524,
    64.24961451247165,
    64.59791383219955,
    64.94621315192744,
    65.29451247165532,
    65.64281179138322,
    65.99111111111111,
    66.36263038548753,
    66.71092970521542,
    67.08244897959183,
    67.43074829931973,
    67.77904761904762,
    68.12734693877552,
    68.4756462585034,
    68.82394557823129,
    69.19546485260771,
    69.5437641723356,
    69.89206349206349,
    70.24036281179139,
    70.58866213151927,
    70.9601814058957,
    71.30848072562358,
    71.65678004535147,
    72.00507936507937,
    72.35337868480725,
    72.72489795918368,
    73.07319727891156,
    73.42149659863945,
    73.76979591836735,
    74.11809523809524,
    74.48961451247166,
    74.83791383219955,
    75.18621315192743,
    75.55773242630386,
    75.90603174603174,
    76.25433106575964,
    76.60263038548753,
    76.95092970521542,
    77.29922902494332,
    77.6475283446712,
    78.01904761904763,
    78.36734693877551,
    78.7156462585034,
    79.0639455782313,
    79.43546485260771,
    79.7837641723356,
    80.1320634920635,
    80.48036281179138,
    80.82866213151928,
    81.17696145124717,
    81.54848072562358,
    81.89678004535148
  ],
  "num_beats": 228,
  "fullspectrum": {
    "tempo_bpm": 172.265625,
    "small_peak_times": [
      2.2523356009070294,
      2.786394557823129,
      3.1579138321995464,
      3.8545124716553287,
      5.085170068027211,
      5.61922902494331,
      5.9675283446712015,
      6.6873469387755105,
      7.035646258503402,
      7.918004535147392,
      8.428843537414966,
      8.800362811791382,
      9.520181405895691,
      10.727619047619047,
      11.633197278911565,
      14.094512471655328,
      15.139410430839002,
      15.51092970521542,
      16.39328798185941,
      17.2756462585034,
      19.202902494331067,
      19.736961451247165,
      20.805079365079365,
      21.153378684807254,
      22.035736961451246,
      22.569795918367348,
      23.61469387755102,
      24.86857142857143,
      25.75092970521542,
      26.79582766439909,
      27.678185941043083,
      28.212244897959184,
      28.560544217687074,
      29.280362811791385,
      31.045079365079363,
      32.08997732426304,
      32.46149659863946,
      33.34385487528345,
      34.22621315192744,
      36.1534693877551,
      36.6875283446712,
      38.98630385487528,
      39.52036281179139,
      40.91356009070295,
      41.81913832199547,
      42.353197278911566,
      43.049795918367344,
      44.09469387755102,
      44.62875283446712,
      45.16281179138322,
      47.4615873015873,
      47.9956462585034,
      48.692244897959185,
      49.04054421768708,
      49.412063492063496,
      50.29442176870748,
      50.828480725623585,
      51.17678004535147,
      53.10403628117914,
      53.63809523809524,
      53.98639455782313,
      54.706213151927436,
      55.93687074829932,
      56.47092970521542,
      58.7697052154195,
      59.65206349206349,
      60.348662131519276,
      60.69696145124716,
      61.06848072562358,
      62.461678004535145,
      63.181496598639455,
      63.52979591836735,
      64.41215419501134,
      64.94621315192744,
      65.29451247165532,
      65.99111111111111,
      67.24498866213152,
      68.12734693877552,
      68.82394557823129,
      69.5437641723356,
      70.05460317460317,
      72.00507936507937,
      72.88743764172335,
      73.42149659863945,
      75.72027210884353,
      78.01904761904763,
      78.5298866213152,
      80.82866213151928,
      81.17696145124717,
      81.54848072562358,
      81.89678004535148
    ],