{
  "audio_file": "songs\\individual\\KHAOS, Jmilton - Montagem Supersonic.mp3",
  "duration": 88.87333333333333,
  "sample_rate": 22050,
  "tempo_bpm": 89.10290948275862,
  "beat_times": [
    1.0913378684807256,
    1.7647165532879818,
    2.345215419501134,
    2.9257142857142857,
    3.599092970521542,
    4.295691609977324,
    5.085170068027211,
    5.874648526077097,
    6.548027210884354,
    7.1053061224489795,
    7.685804988662132,
    8.359183673469389,
    8.93968253968254,
    9.520181405895691,
    10.193560090702947,
    10.7740589569161,
    11.354557823129252,
    12.004716553287983,
    12.701315192743763,
    13.374693877551021,
    14.071292517006803,
    14.744671201814059,
    15.418049886621315,
    16.091428571428573,
    16.788027210884355,
    17.46140589569161,
    18.15800453514739,
    18.83138321995465,
    19.620861678004534,
    20.410340136054423,
    21.083718820861677,
    21.78031746031746,
    22.50013605442177,
    23.26639455782313,
    24.055873015873015,
    24.729251700680273,
    25.425850340136055,
    26.122448979591837,
    26.888707482993198,
    27.678185941043083,
    28.35156462585034,
    29.048163265306123,
    29.744761904761905,
    30.53424036281179,
    31.32371882086168,
    31.997097505668933,
    32.69369614512472,
    33.36707482993197,
    34.17977324263038,
    34.969251700680275,
    35.64263038548753,
    36.19990929705215,
    36.78040816326531,
    37.45378684807256,
    38.15038548752835,
    38.8237641723356,
    39.613242630385486,
    40.40272108843537,
    41.09931972789116,
    41.795918367346935,
    42.4692970521542,
    43.14267573696145,
    43.83927437641724,
    44.51265306122449,
    45.186031746031745,
    45.88263038548753,
    46.556009070294785,
    47.22938775510204,
    47.925986394557825,
    48.71546485260771,
    49.504943310657595,
    50.178321995464856,
    50.874920634920635,
    51.57151927437642,
    52.360997732426306,
    53.15047619047619,
    53.823854875283445,
    54.52045351473923,
    55.193832199546485,
    55.98331065759637,
    56.77278911564626,
    57.446167800453516,
    58.142766439909295,
    58.83936507936508,
    59.512743764172335,
    60.162902494331064,
    60.81306122448979,
    61.46321995464853,
    62.11337868480726,
    62.76353741496599,
    63.41369614512472,
    64.06385487528345,
    64.7372335600907,
    65.43383219954649,
    66.13043083900227,
    66.89668934240363,
    67.61650793650794,
    68.35954648526076,
    69.05614512471655,
    69.75274376417234,
    70.5190022675737,
    71.19238095238096,
    71.84253968253968,
    72.49269841269842,
    73.14285714285714,
    73.8162358276644,
    74.39673469387755,
    74.97723356009071,
    75.62739229024943,
    76.32399092970522,
    77.020589569161,
    77.81006802721089,
    78.59954648526077,
    79.27292517006802,
    79.85342403628118,
    80.43392290249433,
    81.08408163265307,
    81.66458049886621,
    82.24507936507936,
    82.91845804988662,
    83.61505668934241,
    84.28843537414966,
    85.07791383219954,
    85.86739229024943,
    86.54077097505669,
    87.23736961451247
  ],
  "small_peak_times": [
    1.787936507936508,
    2.020136054421769,
    2.2291156462585033,
    3.250793650793651,
    3.599092970521542,
    4.063492063492063,
    5.085170068027211,
    6.106848072562358,
    7.918004535147392,
    8.70748299319728,
    8.823582766439909,
    9.05578231292517,
    9.287981859410431,
    9.520181405895691,
    9.729160997732427,
    10.518639455782314,
    10.866938775510205,
    11.099138321995465,
    11.331337868480725,
    12.701315192743763,
    13.142494331065759,
    13.374693877551021,
    13.839092970521541,
    14.280272108843537,
    15.650249433106575,
    16.32362811791383,
    18.599183673469387,
    18.83138321995465,
    19.272562358276645,
    20.64253968253968,
    21.78031746031746,
    22.01251700680272,
    24.055873015873015,
    24.288072562358277,
    25.077551020408162,
    26.09922902494331,
    26.563628117913833,
    27.237006802721087,
    28.723083900226758,
    29.512562358276643,
    29.744761904761905,
    30.53424036281179,
    30.882539682539683,
    31.091519274376417,
    31.32371882086168,
    31.555918367346937,
    32.345396825396826,
    32.46149659863946,
    33.36707482993197,
    34.17977324263038,
    34.50485260770975,
    34.73705215419501,
    36.548208616780045,
    37.01260770975057,
    38.15038548752835,
    38.59156462585034,
    38.8237641723356,
    39.288163265306125,
    39.613242630385486,
    39.72934240362812,
    41.795918367346935,
    42.4692970521542,
    43.25877551020408,
    44.51265306122449,
    44.74485260770975,
    45.41823129251701,
    47.69378684807256,
    47.925986394557825,
    49.73714285714286,
    50.874920634920635,
    53.15047619047619,
    54.96163265306122,
    55.193832199546485,
    55.65823129251701,
    56.33160997732426,
    57.79446712018141,
    58.60716553287982,
    65.87501133786849,
    66.54839002267573,
    66.89668934240363,
    68.35954648526076,
    68.70784580498866,
    69.05614512471655,
    69.49732426303855,
    70.54222222222222,
    72.00507936507937,
    72.35337868480725,
    73.14285714285714,
    73.3750566893424,
    74.51283446712019,
    76.78839002267574,
    77.46176870748299,
    78.59954648526077,
    78.83174603174604,
    81.78068027210884,
    82.24507936507936,
    83.26675736961451,
    84.0562358276644,
    84.28843537414966,
    84.72961451247166,
    85.42621315192744,
    86.88907029478457,
    87.67854875283447,
    88.37514739229024
  ],
  "big_peak_times": [
    1.0913378684807256,
    1.4396371882086167,
    2.9024943310657596,
    4.73687074829932,
    5.410249433106576,
    5.874648526077097,
    6.548027210884354,
    6.896326530612245,
    7.244625850340136,
    7.685804988662132,
    8.359183673469389,
    10.193560090702947,
    12.004716553287983,
    12.353015873015874,
    17.46140589569161,
    21.083718820861677,
    22.918095238095237,
    24.729251700680273,
    28.35156462585034,
    29.048163265306123,
    30.1859410430839,
    31.997097505668933,
    32.69369614512472,
    33.13487528344671,
    33.8314739229025,
    34.969251700680275,
    35.64263038548753,
    35.9677097505669,
    36.31600907029478,
    36.78040816326531,
    37.45378684807256,
    37.802086167800454,
    39.96154195011338,
    40.4259410430839,
    41.09931972789116,
    41.44761904761905,
    42.91047619047619,
    46.53278911564626,
    48.36716553287982,
    50.178321995464856,
    52.01269841269841,
    53.823854875283445,
    57.446167800453516,
    58.142766439909295,
    70.19392290249434,
    73.8162358276644,
    75.62739229024943,
    79.27292517006802,
    81.08408163265307,
    82.91845804988662,
    86.54077097505669,
    87.23736961451247
  ],
  "num_beats": 126,
  "num_small_peaks": 104,
  "num_big_peaks": 52
}