{
  "audio_file": "songs\\individual\\MXZI, Rushex - MONTAGEM BATCHI.mp3",
  "duration": 79.00843537414966,
  "sample_rate": 22050,
  "tempo_bpm": 129.19921875,
  "beat_times": [
    0.09287981859410431,
    0.5804988662131519,
    0.9984580498866213,
    1.4164172335600906,
    1.8343764172335602,
    2.2291156462585033,
    2.693514739229025,
    3.1579138321995464,
    3.599092970521542,
    4.063492063492063,
    4.551111111111111,
    4.992290249433107,
    5.456689342403628,
    5.921088435374149,
    6.3854875283446715,
    6.849886621315193,
    7.314285714285714,
    7.75546485260771,
    8.219863945578231,
    8.70748299319728,
    9.148662131519274,
    9.58984126984127,
    10.054240362811791,
    10.541859410430838,
    10.983038548752834,
    11.447437641723356,
    11.911836734693878,
    12.399455782312925,
    12.84063492063492,
    13.305034013605443,
    13.769433106575963,
    14.233832199546486,
    14.675011337868481,
    15.139410430839002,
    15.603809523809524,
    16.091428571428573,
    16.532607709750568,
    16.99700680272109,
    17.46140589569161,
    17.925804988662133,
    18.36698412698413,
    18.83138321995465,
    19.29578231292517,
    19.760181405895693,
    20.224580498866214,
    20.688979591836734,
    21.153378684807254,
    21.61777777777778,
    22.058956916099774,
    22.523356009070294,
    22.987755102040815,
    23.45215419501134,
    23.91655328798186,
    24.38095238095238,
    24.845351473922904,
    25.309750566893424,
    25.75092970521542,
    26.21532879818594,
    26.679727891156464,
    27.144126984126984,
    27.608526077097505,
    28.07292517006803,
    28.53732426303855,
    29.00172335600907,
    29.442902494331065,
    29.90730158730159,
    30.37170068027211,
    30.83609977324263,
    31.30049886621315,
    31.764897959183674,
    32.229297052154195,
    32.69369614512472,
    33.13487528344671,
    33.599274376417235,
    34.06367346938776,
    34.528072562358275,
    34.9924716553288,
    35.456870748299316,
    35.92126984126984,
    36.385668934240364,
    36.85006802721088,
    37.29124716553288,
    37.755646258503404,
    38.243265306122446,
    38.70766439909297,
    39.14884353741497,
    39.59002267573696,
    40.054421768707485,
    40.518820861678,
    40.983219954648526,
    41.44761904761905,
    41.912018140589566,
    42.37641723356009,
    42.840816326530614,
    43.30521541950113,
    43.769614512471655,
    44.23401360544218,
    44.698412698412696,
    45.16281179138322,
    45.627210884353744,
    46.068390022675736,
    46.53278911564626,
    46.99718820861678,
    47.4615873015873,
    47.925986394557825,
    48.39038548752834,
    48.854784580498865,
    49.295963718820865,
    49.73714285714286,
    50.224761904761905,
    50.68916099773243,
    51.153560090702946,
    51.61795918367347,
    52.082358276643994,
    52.523537414965986,
    52.98793650793651,
    53.45233560090703,
    53.91673469387755,
    54.381133786848075,
    54.84553287981859,
    55.309931972789116,
    55.77433106575964,
    56.21551020408163,
    56.679909297052156,
    57.14430839002267,
    57.58548752834467,
    58.07310657596372,
    58.53750566893424,
    59.00190476190476,
    59.466303854875285,
    59.9307029478458,
    60.395102040816326,
    60.836281179138325,
    61.30068027210884,
    61.765079365079366,
    62.22947845804989,
    62.69387755102041,
    63.135056689342406,
    63.59945578231292,
    64.06385487528345,
    64.52825396825396,
    64.99265306122449,
    65.45705215419501,
    65.92145124716554,
    66.38585034013606,
    66.85024943310657,
    67.3146485260771,
    67.77904761904762,
    68.24344671201814,
    68.68462585034014,
    69.14902494331066,
    69.61342403628117,
    70.0778231292517,
    70.54222222222222,
    71.00662131519275,
    71.47102040816327,
    71.91219954648525,
    72.37659863945578,
    72.8409977324263,
    73.30539682539683,
    73.76979591836735,
    74.23419501133787,
    74.69859410430838,
    75.16299319727891,
    75.60417233560091,
    76.06857142857143,
    76.53297052154196,
    76.99736961451246,
    77.46176870748299
  ],
  "small_peak_times": [
    0.5804988662131519,
    2.36843537414966,
    2.693514739229025,
    3.3901133786848074,
    8.893242630385487,
    10.983038548752834,
    11.656417233560092,
    11.911836734693878,
    14.44281179138322,
    14.675011337868481,
    15.603809523809524,
    16.27718820861678,
    16.99700680272109,
    17.46140589569161,
    17.925804988662133,
    18.36698412698413,
    18.83138321995465,
    19.06358276643991,
    19.99238095238095,
    21.153378684807254,
    22.058956916099774,
    22.291156462585032,
    22.523356009070294,
    22.755555555555556,
    23.684353741496597,
    23.91655328798186,
    24.03265306122449,
    24.14875283446712,
    24.61315192743764,
    24.845351473922904,
    25.98312925170068,
    26.447528344671202,
    27.376326530612246,
    27.608526077097505,
    27.724625850340136,
    27.840725623582767,
    28.53732426303855,
    29.90730158730159,
    31.045079365079363,
    31.764897959183674,
    32.229297052154195,
    32.90267573696145,
    33.13487528344671,
    33.599274376417235,
    34.76027210884354,
    35.22467120181406,
    35.92126984126984,
    37.29124716553288,
    38.45224489795918,
    39.14884353741497,
    39.96154195011338,
    40.983219954648526,
    42.120997732426304,
    42.60861678004535,
    43.073015873015876,
    43.97859410430839,
    44.698412698412696,
    49.73714285714286,
    52.082358276643994,
    52.31455782312925,
    54.381133786848075,
    55.309931972789116,
    55.77433106575964,
    56.006530612244894,
    57.14430839002267,
    57.35328798185941,
    57.817687074829934,
    59.2108843537415,
    59.466303854875285,
    59.69850340136055,
    60.836281179138325,
    61.06848072562358,
    61.532879818594104,
    61.765079365079366,
    62.902857142857144,
    63.135056689342406,
    63.59945578231292,
    64.17995464852608,
    64.52825396825396,
    64.6443537414966,
    64.76045351473923,
    68.45242630385488,
    68.68462585034014,
    69.84562358276644,
    71.3317006802721,
    71.68,
    72.37659863945578,
    72.60879818594104,
    74.69859410430838,
    76.3007709750567,
    76.53297052154196,
    77.46176870748299
  ],
  "big_peak_times": [
    0.06965986394557823,
    2.2291156462585033,
    3.599092970521542,
    4.31891156462585,
    4.435011337868481,
    4.551111111111111,
    5.456689342403628,
    6.3854875283446715,
    8.196643990929704,
    10.054240362811791,
    13.769433106575963,
    15.139410430839002,
    18.134784580498867,
    21.826757369614512,
    22.987755102040815,
    24.38095238095238,
    25.518730158730158,
    26.21532879818594,
    26.679727891156464,
    28.07292517006803,
    29.210702947845807,
    30.37170068027211,
    34.06367346938776,
    37.05904761904762,
    37.755646258503404,
    38.91664399092971,
    39.59002267573696,
    49.96934240362812,
    50.68916099773243,
    51.38575963718821,
    51.61795918367347,
    52.523537414965986,
    53.22013605442177,
    53.45233560090703,
    55.077732426303854,
    56.21551020408163,
    56.91210884353742,
    57.58548752834467,
    58.07310657596372,
    58.746485260770974,
    60.60408163265306,
    61.30068027210884,
    62.43845804988662,
    64.2960544217687,
    64.99265306122449,
    72.14439909297052,
    76.06857142857143
  ],
  "num_beats": 169,
  "num_small_peaks": 92,
  "num_big_peaks": 47
}