{
  "audio_file": "songs/individual/MXZI, DJ Samri, DJ Javi26 - MONTAGEM XONADA.mp3",
  "duration": 73.99292517006803,
  "sample_rate": 22050,
  "tempo_bpm": 129.19921875,
  "beat_times": [
    0.09287981859410431,
    0.5804988662131519,
    1.0681179138321995,
    1.509297052154195,
    1.9504761904761905,
    2.391655328798186,
    2.8560544217687074,
    3.320453514739229,
    3.7848526077097504,
    4.249251700680272,
    4.713650793650793,
    5.178049886621316,
    5.642448979591837,
    6.106848072562358,
    6.5712471655328795,
    7.012426303854875,
    7.476825396825397,
    7.9412244897959186,
    8.40562358276644,
    8.870022675736962,
    9.334421768707482,
    9.775600907029478,
    10.24,
    10.704399092970522,
    11.168798185941043,
    11.633197278911565,
    12.097596371882085,
    12.561995464852608,
    13.02639455782313,
    13.49079365079365,
    13.931972789115646,
    14.396371882086168,
    14.86077097505669,
    15.32517006802721,
    15.789569160997733,
    16.253968253968253,
    16.718367346938777,
    17.182766439909297,
    17.623945578231293,
    18.088344671201813,
    18.552743764172334,
    19.017142857142858,
    19.481541950113378,
    19.9459410430839,
    20.410340136054423,
    20.874739229024943,
    21.31591836734694,
    21.78031746031746,
    22.244716553287983,
    22.709115646258503,
    23.173514739229024,
    23.637913832199548,
    24.102312925170068,
    24.56671201814059,
    25.007891156462584,
    25.472290249433108,
    25.93668934240363,
    26.40108843537415,
    26.865487528344673,
    27.329886621315193,
    27.794285714285714,
    28.258684807256238,
    28.69986394557823,
    29.164263038548754,
    29.628662131519274,
    30.093061224489794,
    30.55746031746032,
    31.02185941043084,
    31.48625850340136,
    31.950657596371883,
    32.41505668934241,
    32.879455782312924,
    33.34385487528345,
    33.78503401360544,
    34.249433106575964,
    34.73705215419501,
    35.178231292517005,
    35.64263038548753,
    36.10702947845805,
    36.57142857142857,
    37.03582766439909,
    37.50022675736962,
    37.964625850340134,
    38.40580498866213,
    38.87020408163265,
    39.31138321995465,
    39.77578231292517,
    40.24018140589569,
    40.704580498866214,
    41.16897959183674,
    41.633378684807255,
    42.09777777777778,
    42.5621768707483,
    43.02657596371882,
    43.490975056689344,
    43.932154195011336,
    44.39655328798186,
    44.860952380952384,
    45.348571428571425,
    45.81297052154195,
    46.25414965986395,
    46.69532879818594,
    47.159727891156464,
    47.62412698412698,
    48.088526077097505,
    48.55292517006803,
    49.017324263038546,
    49.48172335600907,
    49.946122448979594,
    50.41052154195011,
    50.85170068027211,
    51.316099773242634,
    51.78049886621315,
    52.244897959183675,
    52.70929705215419,
    53.173696145124715,
    53.63809523809524,
    54.102494331065756,
    54.543673469387755,
    55.00807256235828,
    55.472471655328796,
    55.93687074829932,
    56.401269841269844,
    56.86566893424036,
    57.330068027210885,
    57.79446712018141,
    58.2356462585034,
    58.700045351473925,
    59.16444444444444,
    59.628843537414966,
    60.09324263038549,
    60.55764172335601,
    61.02204081632653,
    61.486439909297054,
    61.95083900226757,
    62.415238095238095,
    62.87963718820862,
    63.32081632653061,
    63.785215419501135,
    64.24961451247165,
    64.71401360544218,
    65.1784126984127,
    65.66603174603175,
    66.10721088435375,
    66.57160997732426,
    67.03600907029478,
    67.5004081632653,
    67.9415873015873,
    68.40598639455783,
    68.87038548752834
  ],
  "num_beats": 150,
  "fullspectrum": {
    "tempo_bpm": 129.19921875,
    "small_peak_times": [
      1.0681179138321995,
      2.7631746031746034,
      3.5526530612244898,
      3.7848526077097504,
      4.017052154195011,
      4.9458503401360545,
      5.410249433106576,
      5.642448979591837,
      6.106848072562358,
      6.455147392290249,
      6.780226757369615,
      7.476825396825397,
      7.7090249433106575,
      8.289523809523809,
      8.870022675736962,
      9.102222222222222,
      9.334421768707482,
      9.566621315192744,
      9.775600907029478,
      10.147120181405896,
      10.495419501133787,
      10.936598639455783,
      11.400997732426303,
      11.981496598639456,
      12.329795918367347,
      12.561995464852608,
      12.794195011337868,
      13.25859410430839,
      13.49079365079365,
      13.839092970521541,
      14.187392290249432,
      14.628571428571428,
      15.81278911564626,
      16.253968253968253,
      16.718367346938777,
      18.3437641723356,
      20.17814058956916,
      20.410340136054423,
      20.64253968253968,
      21.223038548752836,
      22.035736961451246,
      24.102312925170068,
      24.33451247165533,
      25.727709750566895,
      27.562086167800455,
      27.794285714285714,
      28.026485260770976,
      28.606984126984127,
      29.41968253968254,
      31.2540589569161,
      31.71845804988662,
      38.17360544217687,
      39.31138321995465,
      41.16897959183674,
      43.02657596371882,
      45.60399092970521,
      47.87954648526077,
      50.178321995464856,
      50.758820861678004,
      51.57151927437642,
      53.40589569160998,
      53.63809523809524,
      53.8702947845805,
      55.263492063492066,
      56.6334693877551,
      57.09786848072562,
      58.142766439909295,
      58.49106575963719,
      58.95546485260771,
      59.97714285714286,
      60.78984126984127,
      63.32081632653061,
      65.1784126984127,
      65.52671201814059,
      65.87501133786849,
      66.339410430839,
      66.57160997732426,
      67.70938775510204,
      68.40598639455783,
      68.87038548752834
    ],
    "big_peak_times": [
      0.09287981859410431,
      2.391655328798186,
      4.597551020408163,
      7.244625850340136,
      8.6378231292517,
      17.531065759637187,
      17.87936507936508,
      19.017142857142858,
      19.365442176870747,
      19.71374149659864,
      21.571337868480725,
      22.709115646258503,
      23.057414965986396,
      23.405714285714286,
      23.870113378684806,
      24.91501133786848,
      25.26331065759637,
      26.40108843537415,
      26.749387755102042,
      27.09768707482993,
      28.955283446712016,
      30.093061224489794,
      30.441360544217687,
      30.789659863945577,
      46.25414965986395,
      47.06684807256236,
      47.41514739229025,
      48.55292517006803,
      48.901224489795915,
      49.24952380952381,
      49.71392290249433,
      51.1071201814059,
      52.244897959183675,
      52.59319727891157,
      52.94149659863945,
      54.45079365079365,
      54.79909297052154,
      55.93687074829932,
      56.28517006802721,
      59.628843537414966,
      60.32544217687075
    ]
  },
  "percussive": {
    "tempo_bpm": 129.19921875,