{
  "audio_file": "songs/individual/Nakama, Mc Staff - MENTE M\u00c1.mp3",
  "duration": 75.97823129251701,
  "sample_rate": 22050,
  "tempo_bpm": 129.19921875,
  "beat_times": [
    0.06965986394557823,
    0.5572789115646258,
    1.0448979591836736,
    1.5325170068027212,
    2.020136054421769,
    2.48453514739229,
    2.948934240362812,
    3.4133333333333336,
    3.8545124716553287,
    4.342131519274377,
    4.783310657596372,
    5.270929705215419,
    5.735328798185941,
    6.176507936507937,
    6.640907029478458,
    7.1053061224489795,
    7.569705215419501,
    8.034104308390022,
    8.475283446712018,
    8.93968253968254,
    9.404081632653062,
    9.845260770975056,
    10.332879818594105,
    10.797278911564625,
    11.261678004535147,
    11.702857142857143,
    12.167256235827665,
    12.631655328798185,
    13.096054421768708,
    13.56045351473923,
    14.02485260770975,
    14.489251700680272,
    14.953650793650795,
    15.418049886621315,
    15.882448979591837,
    16.32362811791383,
    16.788027210884355,
    17.252426303854875,
    17.716825396825396,
    18.18122448979592,
    18.64562358276644,
    19.11002267573696,
    19.574421768707484,
    20.038820861678005,
    20.503219954648525,
    20.94439909297052,
    21.408798185941045,
    21.873197278911565,
    22.337596371882086,
    22.801995464852606,
    23.26639455782313,
    23.73079365079365,
    24.19519274376417,
    24.659591836734695,
    25.10077097505669,
    25.56517006802721,
    26.006349206349206,
    26.493968253968255,
    26.958367346938775,
    27.422766439909296,
    27.88716553287982,
    28.328344671201815,
    28.76952380952381,
    29.257142857142856,
    29.72154195011338,
    30.162721088435376,
    30.627120181405896,
    31.091519274376417,
    31.555918367346937,
    32.02031746031746,
    32.48471655328798,
    32.949115646258505,
    33.41351473922902,
    33.877913832199546,
    34.34231292517007,
    34.80671201814059,
    35.27111111111111,
    35.71229024943311,
    36.17668934240363,
    36.64108843537415,
    37.10548752834467,
    37.56988662131519,
    38.01106575963719,
    38.47546485260771,
    38.93986394557823,
    39.404263038548756,
    39.86866213151927,
    40.333061224489796,
    40.79746031746032,
    41.26185941043084,
    41.72625850340136,
    42.190657596371885,
    42.6550566893424,
    43.0962358276644,
    43.56063492063492,
    44.02503401360544,
    44.489433106575966,
    44.95383219954648,
    45.41823129251701,
    45.88263038548753,
    46.34702947845805,
    46.78820861678005,
    47.25260770975056,
    47.71700680272109,
    48.18140589569161,
    48.64580498866213,
    49.11020408163265,
    49.574603174603176,
    50.03900226757369,
    50.48018140589569,
    50.944580498866216,
    51.40897959183673,
    51.87337868480726,
    52.33777777777778,
    52.8021768707483,
    53.26657596371882,
    53.730975056689346,
    54.19537414965986,
    54.63655328798186,
    55.10095238095238,
    55.5653514739229,
    56.029750566893426,
    56.49414965986394,
    56.93532879818594,
    57.39972789115646,
    57.86412698412698,
    58.32852607709751,
    58.792925170068024,
    59.25732426303855,
    59.72172335600907,
    60.18612244897959,
    60.62730158730159,
    61.09170068027211,
    61.55609977324263,
    62.02049886621315,
    62.48489795918368,
    62.94929705215419,
    63.41369614512472,
    63.87809523809524,
    64.34249433106577,
    64.80689342403628,
    65.24807256235827,
    65.7124716553288,
    66.17687074829932,
    66.64126984126985,
    67.10566893424036,
    67.57006802721088,
    68.0344671201814,
    68.49886621315193,
    68.94004535147393,
    69.40444444444445,
    69.86884353741496,
    70.33324263038548,
    70.79764172335601,
    71.26204081632653,
    71.72643990929706,
    72.19083900226758,
    72.63201814058957,
    73.09641723356009,
    73.56081632653061,
    74.02521541950114,
    74.48961451247166,
    74.95401360544217,
    75.4184126984127
  ],
  "num_beats": 164,
  "fullspectrum": {
    "tempo_bpm": 129.19921875,
    "small_peak_times": [
      2.136235827664399,
      3.4133333333333336,
      3.8312925170068026,
      5.735328798185941,
      5.944308390022676,
      6.176507936507937,
      6.640907029478458,
      7.1053061224489795,
      8.243083900226758,
      8.70748299319728,
      9.1718820861678,
      10.216780045351474,
      10.332879818594105,
      11.029478458049887,
      11.261678004535147,
      12.399455782312925,
      12.863854875283447,
      13.56045351473923,
      14.210612244897959,
      14.698231292517006,
      15.394829931972788,
      17.252426303854875,
      17.600725623582765,
      17.716825396825396,
      18.413424036281178,
      18.64562358276644,
      19.551201814058956,
      19.783401360544218,
      20.24780045351474,
      20.94439909297052,
      22.0821768707483,
      22.77877551020408,
      23.475374149659864,
      23.939773242630384,
      25.56517006802721,
      26.23854875283447,
      26.493968253968255,
      27.422766439909296,
      28.328344671201815,
      29.257142857142856,
      30.162721088435376,
      32.02031746031746,
      33.877913832199546,
      36.64108843537415,
      37.56988662131519,
      38.66122448979592,
      39.75256235827664,
      39.86866213151927,
      40.79746031746032,
      41.9352380952381,
      42.399637188208615,
      42.6550566893424,
      43.0962358276644,
      43.56063492063492,
      43.74639455782313,
      44.23401360544218,
      44.95383219954648,
      47.13650793650794,
      48.18140589569161,
      49.31918367346939,
      50.48018140589569,
      50.944580498866216,
      51.61795918367347,
      52.33777777777778,
      53.011156462585035,
      53.47555555555556,
      55.10095238095238,
      56.029750566893426,
      56.70312925170068,
      56.93532879818594,
      59.69850340136055,
      62.71709750566893,
      62.94929705215419,
      63.39047619047619,
      64.08707482993198,
      64.55147392290249,
      65.7124716553288,
      65.94467120181406,
      66.40907029478458,
      66.64126984126985,
      70.10104308390022,
      70.33324263038548,
      70.79764172335601,
      71.47102040816327,
      71.9354195011338,
      72.19083900226758,
      73.09641723356009,
      73.76979591836735
    ],
    "big_peak_times": [
      0.06965986394557823,
      0.2786394557823129,
      2.48453514739229,
      3.622312925170068,
      4.342131519274377,
      4.783310657596372,
      4.992290249433107,
      5.270929705215419,
      5.479909297052155,
      8.010884353741497,
      9.404081632653062,
      9.845260770975056,
      10.565079365079365,
      11.702857142857143,
      16.091428571428573,
      16.532607709750568,
      17.949024943310658,
      19.086802721088436,
      21.61777777777778,
      35.71229024943311,
      39.404263038548756,
      40.100861678004534,
      40.56526077097506,
      41.26185941043084,
      45.627210884353744,
      46.09160997732426,
      47.484807256235825,
      47.94920634920635,
      48.64580498866213,
      51.17678004535147,
      61.09170068027211,
      61.55609977324263,
      62.252698412698415,
      65.24807256235827,
      67.10566893424036,
      67.77904761904762,
      68.24344671201814,
      68.94004535147393,
      69.6366439909297,
      72.63201814058957,
      73.32861678004535,
      74.48961451247166,
      75.16299319727891,
      75.62739229024943
    ]
  },
  "percussive": {
    "tempo_bpm": 129.19921875,