{
  "audio_file": "songs\\individual\\Nakama, Mc Staff, ZP - DIA DEL\u00cdCIA.mp3",
  "duration": 75.97823129251701,
  "sample_rate": 22050,
  "tempo_bpm": 129.19921875,
  "beat_times": [
    0.06965986394557823,
    0.4876190476190476,
    0.8823582766439909,
    1.3235374149659864,
    1.787936507936508,
    2.2523356009070294,
    2.693514739229025,
    3.1811337868480725,
    3.645532879818594,
    4.063492063492063,
    4.551111111111111,
    5.038730158730159,
    5.479909297052155,
    5.944308390022676,
    6.3854875283446715,
    6.849886621315193,
    7.337505668934241,
    7.778684807256236,
    8.243083900226758,
    8.70748299319728,
    9.1718820861678,
    9.636281179138322,
    9.984580498866213,
    10.356099773242631,
    10.797278911564625,
    11.261678004535147,
    11.702857142857143,
    12.167256235827665,
    12.631655328798185,
    13.096054421768708,
    13.56045351473923,
    14.02485260770975,
    14.489251700680272,
    14.953650793650795,
    15.418049886621315,
    15.85922902494331,
    16.32362811791383,
    16.788027210884355,
    17.252426303854875,
    17.716825396825396,
    18.18122448979592,
    18.64562358276644,
    19.11002267573696,
    19.551201814058956,
    20.01560090702948,
    20.48,
    20.94439909297052,
    21.408798185941045,
    21.873197278911565,
    22.337596371882086,
    22.801995464852606,
    23.2431746031746,
    23.707573696145126,
    24.125532879818593,
    24.52027210884354,
    24.938231292517006,
    25.356190476190477,
    25.820589569160997,
    26.261768707482993,
    26.726167800453513,
    27.190566893424037,
    27.654965986394558,
    28.11936507936508,
    28.560544217687074,
    29.024943310657598,
    29.512562358276643,
    29.95374149659864,
    30.418140589569163,
    30.882539682539683,
    31.346938775510203,
    31.7881179138322,
    32.25251700680272,
    32.71691609977324,
    33.18131519274377,
    33.645714285714284,
    34.11011337868481,
    34.57451247165533,
    35.03891156462585,
    35.48009070294785,
    35.944489795918365,
    36.40888888888889,
    36.87328798185941,
    37.33768707482993,
    37.802086167800454,
    38.26648526077098,
    38.70766439909297,
    39.172063492063494,
    39.54358276643991,
    39.938321995464854,
    40.333061224489796,
    40.79746031746032,
    41.23863945578231,
    41.703038548752836,
    42.16743764172335,
    42.63183673469388,
    43.0962358276644,
    43.56063492063492,
    44.02503401360544,
    44.489433106575966,
    44.95383219954648,
    45.39501133786848,
    45.88263038548753,
    46.34702947845805,
    46.78820861678005,
    47.25260770975056,
    47.71700680272109,
    48.18140589569161,
    48.64580498866213,
    49.08698412698413,
    49.55138321995465,
    50.01578231292517,
    50.48018140589569,
    50.944580498866216,
    51.40897959183673,
    51.87337868480726,
    52.33777777777778,
    52.77895691609977,
    53.2433560090703,
    53.68453514739229,
    54.07927437641723,
    54.474013605442174,
    54.89197278911565,
    55.356371882086165,
    55.797551020408164,
    56.26195011337869,
    56.726349206349205,
    57.213968253968254,
    57.655147392290246,
    58.096326530612245,
    58.56072562358277,
    59.04834467120181,
    59.48952380952381,
    59.953922902494334,
    60.41832199546485,
    60.85950113378685,
    61.23102040816327,
    61.62575963718821,
    62.02049886621315,
    62.48489795918368,
    62.94929705215419,
    63.41369614512472,
    63.87809523809524,
    64.34249433106577,
    64.80689342403628,
    65.24807256235827,
    65.7124716553288,
    66.17687074829932,
    66.64126984126985,
    67.10566893424036,
    67.57006802721088,
    68.0344671201814,
    68.49886621315193,
    68.94004535147393,
    69.40444444444445,
    69.86884353741496,
    70.33324263038548,
    70.79764172335601,
    71.23882086167801,
    71.72643990929706,
    72.19083900226758,
    72.63201814058957,
    73.09641723356009,
    73.56081632653061,
    74.02521541950114,
    74.48961451247166,
    74.93079365079365,
    75.4184126984127
  ],
  "small_peak_times": [
    0.34829931972789113,
    0.603718820861678,
    0.8591383219954648,
    1.787936507936508,
    2.2523356009070294,
    2.693514739229025,
    2.9257142857142857,
    3.8312925170068026,
    4.31891156462585,
    5.712108843537415,
    5.944308390022676,
    6.130068027210885,
    6.3854875283446715,
    6.617687074829932,
    7.360725623582766,
    8.730702947845804,
    9.1718820861678,
    12.654875283446712,
    12.887074829931972,
    14.489251700680272,
    15.185850340136055,
    16.32362811791383,
    16.579047619047618,
    17.020226757369613,
    18.877823129251702,
    20.48,
    21.873197278911565,
    22.569795918367348,
    23.707573696145126,
    26.261768707482993,
    27.190566893424037,
    29.024943310657598,
    29.95374149659864,
    30.882539682539683,
    32.48471655328798,
    34.34231292517007,
    36.87328798185941,
    37.33768707482993,
    38.034285714285716,
    38.70766439909297,
    39.84544217687075,
    40.333061224489796,
    40.56526077097506,
    42.63183673469388,
    43.32843537414966,
    44.02503401360544,
    44.72163265306123,
    45.88263038548753,
    46.11482993197279,
    46.57922902494331,
    48.18140589569161,
    48.41360544217687,
    49.0637641723356,
    49.574603174603176,
    50.01578231292517,
    50.712380952380954,
    51.40897959183673,
    52.10557823129252,
    52.77895691609977,
    55.797551020408164,
    56.726349206349205,
    58.56072562358277,
    59.48952380952381,
    60.41832199546485,
    61.18458049886621,
    62.71709750566893,
    64.34249433106577,
    64.57469387755103,
    66.40907029478458,
    66.87346938775511,
    67.10566893424036,
    67.57006802721088,
    68.0344671201814,
    68.26666666666667,
    68.4756462585034,
    68.70784580498866,
    70.10104308390022,
    70.56544217687075,
    71.72643990929706,
    71.95863945578232,
    72.19083900226758,
    72.42303854875283,
    72.63201814058957,
    73.79301587301588,
    74.2574149659864,
    75.4184126984127,
    75.65061224489796,
    75.88281179138322
  ],
  "big_peak_times": [
    0.09287981859410431,
    1.9969160997732427,
    3.645532879818594,
    4.063492063492063,
    4.551111111111111,
    4.783310657596372,
    5.479909297052155,
    6.849886621315193,
    7.778684807256236,
    8.475283446712018,
    9.636281179138322,
    10.332879818594105,
    10.797278911564625,
    11.493877551020407,
    12.167256235827665,
    14.02485260770975,
    15.85922902494331,
    17.716825396825396,
    18.18122448979592,
    19.52798185941043,
    21.408798185941045,
    23.2431746031746,
    31.7881179138322,
    39.172063492063494,
    41.029659863945575,
    41.703038548752836,
    43.56063492063492,
    45.39501133786848,
    47.25260770975056,
    47.71700680272109,
    50.944580498866216,
    60.85950113378685,
    61.32390022675737,
    61.99727891156463,
    62.48489795918368,
    63.181496598639455,
    63.87809523809524,
    65.7124716553288,
    66.17687074829932,
    69.40444444444445,
    69.86884353741496,
    71.23882086167801,
    73.09641723356009,
    73.56081632653061,
    74.93079365079365
  ],
  "num_beats": 167,
  "num_small_peaks": 88,
  "num_big_peaks": 45
}