{
  "audio_file": "songs/individual/SXID, Bibi Babydoll - Funk of Gal\u00e1ctico.mp3",
  "duration": 88.98721088435374,
  "sample_rate": 22050,
  "tempo_bpm": 129.19921875,
  "beat_times": [
    0.06965986394557823,
    0.5340589569160997,
    0.9984580498866213,
    1.5325170068027212,
    2.020136054421769,
    2.507755102040816,
    2.948934240362812,
    3.3901133786848074,
    3.8312925170068026,
    4.295691609977324,
    4.760090702947846,
    5.224489795918367,
    5.688888888888889,
    6.15328798185941,
    6.617687074829932,
    7.082086167800454,
    7.546485260770975,
    8.010884353741497,
    8.475283446712018,
    8.93968253968254,
    9.380861678004536,
    9.845260770975056,
    10.309659863945578,
    10.7740589569161,
    11.23845804988662,
    11.72607709750567,
    12.167256235827665,
    12.631655328798185,
    13.096054421768708,
    13.56045351473923,
    14.001632653061224,
    14.466031746031746,
    14.930430839002268,
    15.394829931972788,
    15.85922902494331,
    16.300408163265306,
    16.671927437641724,
    17.066666666666666,
    17.46140589569161,
    17.925804988662133,
    18.390204081632653,
    18.854603174603174,
    19.319002267573698,
    19.783401360544218,
    20.224580498866214,
    20.688979591836734,
    21.153378684807254,
    21.61777777777778,
    22.0821768707483,
    22.54657596371882,
    23.010975056689343,
    23.475374149659864,
    23.939773242630384,
    24.38095238095238,
    24.845351473922904,
    25.309750566893424,
    25.774149659863944,
    26.23854875283447,
    26.70294784580499,
    27.16734693877551,
    27.608526077097505,
    28.07292517006803,
    28.53732426303855,
    29.00172335600907,
    29.466122448979593,
    29.930521541950114,
    30.37170068027211,
    30.83609977324263,
    31.30049886621315,
    31.764897959183674,
    32.229297052154195,
    32.69369614512472,
    33.158095238095235,
    33.62249433106576,
    34.06367346938776,
    34.5512925170068,
    35.015691609977324,
    35.456870748299316,
    35.92126984126984,
    36.385668934240364,
    36.85006802721088,
    37.314467120181405,
    37.77886621315193,
    38.243265306122446,
    38.70766439909297,
    39.14884353741497,
    39.613242630385486,
    40.07764172335601,
    40.542040816326534,
    41.00643990929705,
    41.470839002267574,
    41.9352380952381,
    42.399637188208615,
    42.840816326530614,
    43.30521541950113,
    43.769614512471655,
    44.23401360544218,
    44.698412698412696,
    45.139591836734695,
    45.55755102040816,
    45.97551020408163,
    46.41668934240363,
    46.834648526077096,
    47.25260770975056,
    47.69378684807256,
    48.15818594104309,
    48.64580498866213,
    49.08698412698413,
    49.55138321995465,
    50.01578231292517,
    50.48018140589569,
    50.921360544217684,
    51.38575963718821,
    51.85015873015873,
    52.33777777777778,
    52.77895691609977,
    53.2433560090703,
    53.68453514739229,
    54.14893424036281,
    54.61333333333334,
    55.077732426303854,
    55.54213151927438,
    56.006530612244894,
    56.47092970521542,
    56.93532879818594,
    57.39972789115646,
    57.86412698412698,
    58.30530612244898,
    58.7697052154195,
    59.23410430839002,
    59.72172335600907,
    60.162902494331064,
    60.62730158730159,
    61.06848072562358,
    61.532879818594104,
    61.99727891156463,
    62.461678004535145,
    62.83319727891156,
    63.227936507936505,
    63.622675736961455,
    64.08707482993198,
    64.55147392290249,
    65.01587301587301,
    65.45705215419501,
    65.92145124716554,
    66.38585034013606,
    66.85024943310657,
    67.3146485260771,
    67.77904761904762,
    68.22022675736962,
    68.68462585034014,
    69.14902494331066,
    69.61342403628117,
    70.0778231292517,
    70.54222222222222,
    71.00662131519275,
    71.47102040816327,
    71.9354195011338,
    72.37659863945578,
    72.8409977324263,
    73.30539682539683,
    73.76979591836735,
    74.23419501133787,
    74.69859410430838,
    75.18621315192743,
    75.62739229024943,
    76.06857142857143,
    76.53297052154196,
    76.99736961451246,
    77.46176870748299,
    77.92616780045351,
    78.39056689342404,
    78.85496598639456,
    79.31936507936508,
    79.7837641723356,
    80.2249433106576,
    80.68934240362812,
    81.15374149659864,
    81.61814058956917,
    82.08253968253969,
    82.5469387755102,
    83.01133786848072,
    83.47573696145125,
    83.91691609977325,
    84.38131519274377,
    84.84571428571428,
    85.3101133786848,
    85.77451247165533,
    86.23891156462585,
    86.70331065759638,
    87.1677097505669,
    87.60888888888888,
    88.07328798185941
  ],
  "num_beats": 193,
  "fullspectrum": {
    "tempo_bpm": 129.19921875,
    "small_peak_times": [
      0.5340589569160997,
      0.7662585034013606,
      0.9984580498866213,
      1.230657596371882,
      3.3901133786848074,
      3.7384126984126986,
      4.08671201814059,
      7.778684807256236,
      8.475283446712018,
      8.93968253968254,
      9.613061224489796,
      10.309659863945578,
      12.631655328798185,
      13.305034013605443,
      14.001632653061224,
      15.85922902494331,
      16.648707482993196,
      16.99700680272109,
      17.46140589569161,
      17.69360544217687,
      18.506303854875284,
      18.854603174603174,
      19.319002267573698,
      19.783401360544218,
      20.340680272108845,
      21.153378684807254,
      21.385578231292516,
      22.54657596371882,
      23.010975056689343,
      23.475374149659864,
      25.077551020408162,
      25.890249433106575,
      26.23854875283447,
      27.16734693877551,
      27.724625850340136,
      28.07292517006803,
      28.76952380952381,
      29.930521541950114,
      30.37170068027211,
      30.627120181405896,
      32.229297052154195,
      32.46149659863946,
      33.62249433106576,
      34.06367346938776,
      34.5512925170068,
      35.456870748299316,
      36.1534693877551,
      37.314467120181405,
      38.243265306122446,
      39.14884353741497,
      39.613242630385486,
      39.84544217687075,
      41.00643990929705,
      41.470839002267574,
      41.9352380952381,
      42.840816326530614,
      43.53741496598639,
      44.698412698412696,
      47.25260770975056,
      47.69378684807256,
      48.39038548752834,
      49.08698412698413,
      49.55138321995465,
      50.24798185941043,
      50.921360544217684,
      52.082358276643994,
      52.77895691609977,
      53.91673469387755,
      56.47092970521542,
      57.63192743764172,
      58.30530612244898,
      59.466303854875285,
      59.90748299319728,
      60.162902494331064,
      60.97560090702948,
      61.32390022675737,
      61.765079365079366,
      61.99727891156463,
      62.80997732426304,
      63.15827664399093,
      64.08707482993198,
      64.66757369614513,
      65.68925170068027,
      66.85024943310657,
      67.3146485260771,
      67.77904761904762,
      68.68462585034014,
      69.38122448979591,
      70.19392290249434,
      72.05151927437642,
      72.37659863945578,
      73.07319727891156,
      74.51283446712019,
      74.67537414965986,
      76.06857142857143,
      77.22956916099773,
      77.92616780045351,
      78.39056689342404,
      78.85496598639456,
      79.7837641723356,
      80.45714285714286,
      81.61814058956917,
      82.08253968253969,
      83.47573696145125,
      83.91691609977325,
      84.61351473922902,
      85.3101133786848,
      86.23891156462585,
      87.1677097505669
    ],