{
  "audio_file": "songs\\individual\\DJ FNK, Polaris - Slide da Treme Mel\u00f3dica v2.mp3",
  "duration": 164.97741496598638,
  "sample_rate": 22050,
  "tempo_bpm": 135.99917763157896,
  "beat_times": [
    0.06965986394557823,
    0.46439909297052157,
    0.9520181405895691,
    1.3931972789115645,
    1.8343764172335602,
    2.2523356009070294,
    2.693514739229025,
    3.111473922902494,
    3.5294331065759637,
    3.9706122448979593,
    4.388571428571429,
    4.829750566893424,
    5.2477097505668935,
    5.688888888888889,
    6.106848072562358,
    6.548027210884354,
    6.965986394557823,
    7.4071655328798185,
    7.825124716553288,
    8.266303854875284,
    8.684263038548753,
    9.102222222222222,
    9.543401360544218,
    9.961360544217687,
    10.402539682539683,
    10.843718820861678,
    11.261678004535147,
    11.702857142857143,
    12.120816326530612,
    12.538775510204081,
    12.956734693877552,
    13.397913832199546,
    13.839092970521541,
    14.257052154195012,
    14.675011337868481,
    15.116190476190477,
    15.557369614512472,
    15.975328798185942,
    16.416507936507937,
    16.834467120181404,
    17.2756462585034,
    17.69360544217687,
    18.134784580498867,
    18.599183673469387,
    19.086802721088436,
    19.59764172335601,
    20.038820861678005,
    20.48,
    20.921179138321996,
    21.339138321995463,
    21.78031746031746,
    22.19827664399093,
    22.6162358276644,
    23.057414965986396,
    23.475374149659864,
    23.893333333333334,
    24.33451247165533,
    24.752471655328797,
    25.193650793650793,
    25.611609977324264,
    26.05278911564626,
    26.470748299319727,
    26.911927437641722,
    27.329886621315193,
    27.74784580498866,
    28.189024943310656,
    28.63020408163265,
    29.048163265306123,
    29.466122448979593,
    29.90730158730159,
    30.325260770975056,
    30.766439909297052,
    31.184399092970523,
    31.60235827664399,
    32.04353741496599,
    32.46149659863946,
    32.90267573696145,
    33.32063492063492,
    33.761814058956915,
    34.17977324263038,
    34.62095238095238,
    35.03891156462585,
    35.48009070294785,
    35.898049886621315,
    36.33922902494331,
    36.75718820861678,
    37.198367346938774,
    37.61632653061225,
    38.05750566893424,
    38.47546485260771,
    38.89342403628118,
    39.334603174603174,
    39.77578231292517,
    40.19374149659864,
    40.61170068027211,
    41.05287981859411,
    41.470839002267574,
    41.912018140589566,
    42.32997732426304,
    42.77115646258503,
    43.1891156462585,
    43.607074829931975,
    44.04825396825397,
    44.46621315192744,
    44.90739229024943,
    45.3253514739229,
    45.7665306122449,
    46.18448979591837,
    46.625668934240366,
    47.04362811791383,
    47.484807256235825,
    47.9027664399093,
    48.34394557823129,
    48.76190476190476,
    49.20308390022676,
    49.621043083900226,
    50.03900226757369,
    50.48018140589569,
    50.89814058956916,
    51.33931972789116,
    51.757278911564626,
    52.17523809523809,
    52.61641723356009,
    53.057596371882084,
    53.47555555555556,
    53.893514739229026,
    54.33469387755102,
    54.75265306122449,
    55.193832199546485,
    55.61179138321995,
    56.05297052154195,
    56.47092970521542,
    56.91210884353742,
    57.330068027210885,
    57.77124716553288,
    58.18920634920635,
    58.63038548752834,
    59.04834467120181,
    59.466303854875285,
    59.90748299319728,
    60.32544217687075,
    60.766621315192744,
    61.18458049886621,
    61.62575963718821,
    62.04371882086168,
    62.48489795918368,
    62.902857142857144,
    63.344036281179136,
    63.76199546485261,
    64.17995464852608,
    64.62113378684808,
    65.03909297052154,
    65.48027210884354,
    65.89823129251701,
    66.339410430839,
    66.780589569161,
    67.19854875283447,
    67.61650793650794,
    68.05768707482993,
    68.49886621315193,
    68.9168253968254,
    69.33478458049886,
    69.77596371882086,
    70.21714285714286,
    70.63510204081632,
    71.0530612244898,
    71.47102040816327,
    71.91219954648525,
    72.33015873015873,
    72.7481179138322,
    73.18929705215419,
    73.63047619047619,
    74.04843537414966,
    74.46639455782314,
    74.90757369614512,
    75.34875283446712,
    75.7667120181406,
    76.18467120181406,
    76.62585034013605,
    77.04380952380953,
    77.48498866213151,
    77.90294784580499,
    78.34412698412699,
    78.76208616780045,
    79.18004535147392,
    79.62122448979592,
    80.03918367346938,
    80.48036281179138,
    80.92154195011338,
    81.33950113378685,
    81.75746031746031,
    82.19863945578231,
    82.61659863945579,
    83.03455782312925,
    83.47573696145125,
    83.89369614512472,
    84.3348752834467,
    84.75283446712018,
    85.19401360544218,
    85.61197278911564,
    86.05315192743764,
    86.47111111111111,
    86.91229024943311,
    87.33024943310657,
    87.77142857142857,
    88.18938775510205,
    88.63056689342403,
    89.0485260770975,
    89.46648526077098,
    89.90766439909297,
    90.34884353741496,
    90.76680272108844,
    91.1847619047619,
    91.6259410430839,
    92.04390022675737,
    92.48507936507937,
    92.90303854875283,
    93.34421768707483,
    93.7621768707483,
    94.18013605442177,
    94.62131519274377,
    95.03927437641724,
    95.48045351473922,
    95.8984126984127,
    96.3395918367347,
    96.75755102040816,
    97.19873015873016,
    97.61668934240363,
    98.05786848072562,
    98.47582766439909,
    98.91700680272109,
    99.33496598639456,
    99.75292517006802,
    100.19410430839002,
    100.6120634920635,
    101.05324263038548,
    101.47120181405896,
    101.91238095238096,
    102.33034013605442,
    102.77151927437642,
    103.18947845804989,
    103.60743764172335,
    104.04861678004535,
    104.46657596371882,
    104.90775510204081,
    105.32571428571428,
    105.76689342403628,
    106.18485260770976,
    106.62603174603174,
    107.04399092970522,
    107.48517006802722,
    107.90312925170068,
    108.34430839002268,
    108.76226757369615,
    109.18022675736961,
    109.62140589569161,
    110.03936507936508,
    110.48054421768707,
    110.92172335600907,
    111.33968253968254,
    111.757641723356,
    112.198820861678,
    112.61678004535148,
    113.05795918367347,
    113.47591836734694,
    113.89387755102041,
    114.33505668934241,
    114.75301587301587,
    115.19419501133787,
    115.61215419501134,
    116.05333333333333,
    116.4712925170068,
    116.9124716553288,
    117.33043083900226,
    117.77160997732426,
    118.18956916099773,
    118.63074829931973,
    119.0487074829932,
    119.4898866213152,
    119.93106575963719,
    120.34902494331065,
    120.76698412698413,
    121.20816326530613,
    121.62612244897959,
    122.06730158730159,
    122.48526077097506,
    122.90321995464852,
    123.321179138322,
    123.762358276644,
    124.18031746031745,
    124.62149659863945,
    125.06267573696145,
    125.48063492063493,
    125.89859410430839,
    126.33977324263039,
    126.75773242630386,
    127.19891156462585,
    127.61687074829932,
    128.05804988662132,
    128.4760090702948,
    128.89396825396827,
    129.33514739229025,
    129.75310657596373,
    130.1942857142857,
    130.6122448979592,
    131.05342403628117,
    131.49460317460318,
    131.91256235827663,
    132.3305215419501,
    132.74848072562358,
    133.18965986394556,
    133.60761904761904,
    134.04879818594105,
    134.4667573696145,
    134.9079365079365,
    135.32589569161,
    135.76707482993197,
    136.18503401360545,
    136.60299319727892,
    137.0441723356009,
    137.4853514739229,
    137.90331065759636,
    138.32126984126984,
    138.76244897959182,
    139.1804081632653,
    139.6215873015873,
    140.03954648526076,
    140.48072562358277,
    140.89868480725625,
    141.33986394557823,
    141.7578231292517,
    142.1990022675737,
    142.61696145124716,
    143.03492063492064,
