{
  "audio_file": "songs\\individual\\Flame Runner - Amor Na Praia.mp3",
  "duration": 86.00925170068027,
  "sample_rate": 22050,
  "tempo_bpm": 123.046875,
  "beat_times": [
    0.06965986394557823,
    0.5340589569160997,
    1.1145578231292517,
    1.5789569160997732,
    2.043356009070295,
    2.5309750566893423,
    2.995374149659864,
    3.5062131519274375,
    3.9938321995464854,
    4.458231292517007,
    4.9458503401360545,
    5.410249433106576,
    5.897868480725624,
    6.3854875283446715,
    6.873106575963718,
    7.337505668934241,
    7.825124716553288,
    8.289523809523809,
    8.777142857142858,
    9.264761904761905,
    9.752380952380953,
    10.24,
    10.727619047619047,
    11.19201814058957,
    11.679637188208616,
    12.167256235827665,
    12.631655328798185,
    13.119274376417234,
    13.606893424036281,
    14.071292517006803,
    14.55891156462585,
    15.046530612244897,
    15.51092970521542,
    15.998548752834466,
    16.486167800453515,
    16.950566893424035,
    17.438185941043084,
    17.925804988662133,
    18.390204081632653,
    18.877823129251702,
    19.365442176870747,
    19.82984126984127,
    20.317460317460316,
    20.805079365079365,
    21.269478458049885,
    21.757097505668934,
    22.244716553287983,
    22.709115646258503,
    23.196734693877552,
    23.684353741496597,
    24.14875283446712,
    24.636371882086166,
    25.123990929705215,
    25.588390022675735,
    26.076009070294784,
    26.563628117913833,
    27.028027210884353,
    27.515646258503402,
    28.003265306122447,
    28.46766439909297,
    28.955283446712016,
    29.442902494331065,
    29.90730158730159,
    30.394920634920634,
    30.882539682539683,
    31.346938775510203,
    31.834557823129252,
    32.3221768707483,
    32.78657596371882,
    33.274195011337866,
    33.761814058956915,
    34.249433106575964,
    34.71383219954649,
    35.20145124716553,
    35.68907029478458,
    36.1534693877551,
    36.64108843537415,
    37.10548752834467,
    37.593106575963716,
    38.080725623582765,
    38.568344671201814,
    39.03274376417234,
    39.52036281179139,
    39.9847619047619,
    40.47238095238095,
    40.96,
    41.44761904761905,
    41.9352380952381,
    42.399637188208615,
    42.887256235827664,
    43.35165532879819,
    43.83927437641724,
    44.32689342403628,
    44.81451247165533,
    45.27891156462585,
    45.7665306122449,
    46.25414965986395,
    46.718548752834465,
    47.206167800453514,
    47.67056689342404,
    48.134965986394555,
    48.6225850340136,
    49.11020408163265,
    49.5978231292517,
    50.062222222222225,
    50.54984126984127,
    51.037460317460315,
    51.50185941043084,
    51.96625850340136,
    52.47709750566894,
    52.964716553287985,
    53.4291156462585,
    53.91673469387755,
    54.381133786848075,
    54.868752834467124,
    55.356371882086165,
    55.843990929705214,
    56.30839002267574,
    56.79600907029479,
    57.283628117913835,
    57.74802721088435,
    58.2356462585034,
    58.72326530612245,
    59.187664399092974,
    59.675283446712015,
    60.162902494331064,
    60.62730158730159,
    61.11492063492064,
    61.602539682539685,
    62.0669387755102,
    62.55455782312925,
    63.0421768707483,
    63.506575963718824,
    63.994195011337865,
    64.48181405895691,
    64.96943310657596,
    65.43383219954649,
    65.92145124716554,
    66.40907029478458,
    66.87346938775511,
    67.36108843537414,
    67.82548752834467,
    68.31310657596372,
    68.80072562358276,
    69.26512471655329,
    69.75274376417234,
    70.21714285714286,
    70.70476190476191,
    71.19238095238096,
    71.65678004535147,
    72.14439909297052,
    72.63201814058957,
    73.11963718820861,
    73.60725623582766,
    74.07165532879819,
    74.53605442176871,
    75.02367346938776,
    75.51129251700681,
    75.99891156462586,
    76.46331065759637,
    76.95092970521542,
    77.43854875283446,
    77.92616780045351,
    78.39056689342404,
    78.87818594104309,
    79.34258503401361,
    79.83020408163266,
    80.3178231292517,
    80.80544217687074,
    81.26984126984127,
    81.75746031746031,
    82.22185941043084,
    82.70947845804989,
    83.19709750566894,
    83.68471655328798,
    84.14911564625851,
    84.63673469387756
  ],
  "small_peak_times": [
    2.3219954648526078,
    2.5309750566893423,
    3.274013605442177,
    3.7616326530612243,
    4.2260317460317465,
    4.458231292517007,
    4.713650793650793,
    4.9458503401360545,
    5.085170068027211,
    5.201269841269841,
    6.3854875283446715,
    7.1053061224489795,
    7.337505668934241,
    7.453605442176871,
    8.080544217687075,
    8.289523809523809,
    9.032562358276644,
    9.752380952380953,
    10.12390022675737,
    12.027936507936507,
    12.49233560090703,
    13.606893424036281,
    14.55891156462585,
    15.046530612244897,
    15.882448979591837,
    16.34684807256236,
    16.718367346938777,
    17.786485260770974,
    18.390204081632653,
    18.877823129251702,
    19.71374149659864,
    20.17814058956916,
    20.921179138321996,
    21.640997732426303,
    22.244716553287983,
    22.709115646258503,
    23.54503401360544,
    24.009433106575965,
    25.123990929705215,
    25.56517006802721,
    25.959909297052153,
    27.39954648526077,
    28.23546485260771,
    28.955283446712016,
    29.442902494331065,
    30.139501133786847,
    30.394920634920634,
    31.346938775510203,
    31.71845804988662,
    32.78657596371882,
    33.274195011337866,
    35.20145124716553,
    36.64108843537415,
    37.10548752834467,
    37.477006802721085,
    38.080725623582765,
    38.568344671201814,
    38.91664399092971,
    39.75256235827664,
    43.607074829931975,
    45.16281179138322,
    48.134965986394555,
    49.36562358276644,
    50.03900226757369,
    50.78204081632653,
    51.26965986394558,
    52.47709750566894,
    52.70929705215419,
    53.40589569160998,
    53.54521541950113,
    53.91673469387755,
    54.35791383219954,
    55.10095238095238,
    55.843990929705214,
    56.19229024943311,
    56.79600907029479,
    58.11954648526077,
    58.583945578231294,
    59.32698412698413,
    60.02358276643991,
    60.62730158730159,
    61.11492063492064,
    61.95083900226757,
    62.43845804988662,
    62.78675736961451,
    63.506575963718824,
    63.87809523809524,
    64.36571428571429,
    64.48181405895691,
    65.8053514739229,
    66.2465306122449,
    68.31310657596372,
    68.80072562358276,
    68.9168253968254,
    69.6366439909297,
    70.0778231292517,
    71.19238095238096,
    73.46793650793651,
    73.95555555555555,
    75.88281179138322,
    76.2311111111111,
    76.46331065759637,
    76.95092970521542,
    77.32244897959184,
    77.43854875283446,
    78.87818594104309,
    79.34258503401361,
    79.71410430839002,
    80.08562358276644,
    81.15374149659864,
    81.26984126984127,
    81.64136054421769,
    81.98965986394558,
    82.70947845804989,
    83.68471655328798,
    83.91691609977325,
    84.14911564625851,
    84.63673469387756,
    85.00825396825397,
    85.44943310657597
  ],