{
  "audio_file": "songs\\individual\\Jmilton, MC Xangai - Vem Vem.mp3",
  "duration": 81.98639455782313,
  "sample_rate": 22050,
  "tempo_bpm": 86.1328125,
  "beat_times": [
    0.25541950113378686,
    1.0448979591836736,
    1.7414965986394557,
    2.3219954648526078,
    2.9024943310657596,
    3.599092970521542,
    4.295691609977324,
    4.96907029478458,
    5.6656689342403626,
    6.362267573696145,
    7.035646258503402,
    7.732244897959184,
    8.428843537414966,
    8.986122448979591,
    9.58984126984127,
    10.263219954648527,
    10.983038548752834,
    11.749297052154194,
    12.469115646258503,
    13.281814058956916,
    13.955192743764172,
    14.675011337868481,
    15.441269841269841,
    16.16108843537415,
    16.973786848072564,
    17.670385487528346,
    18.36698412698413,
    19.13324263038549,
    19.853061224489796,
    20.66575963718821,
    21.36235827664399,
    22.058956916099774,
    22.732335600907028,
    23.42893424036281,
    24.125532879818593,
    24.822131519274375,
    25.518730158730158,
    26.21532879818594,
    26.888707482993198,
    27.58530612244898,
    28.258684807256238,
    28.955283446712016,
    29.6518820861678,
    30.34848072562358,
    31.045079365079363,
    31.741678004535146,
    32.41505668934241,
    32.995555555555555,
    33.599274376417235,
    34.27265306122449,
    34.969251700680275,
    35.66585034013605,
    36.36244897959184,
    37.05904761904762,
    37.755646258503404,
    38.42902494331066,
    39.12562358276644,
    39.82222222222222,
    40.518820861678,
    41.28507936507936,
    42.00489795918367,
    42.81759637188209,
    43.51419501133787,
    44.210793650793654,
    44.977052154195015,
    45.69687074829932,
    46.509569160997735,
    47.206167800453514,
    47.9027664399093,
    48.66902494331066,
    49.388843537414964,
    50.20154195011338,
    50.89814058956916,
    51.594739229024945,
    52.360997732426306,
    53.10403628117914,
    53.893514739229026,
    54.590113378684805,
    55.28671201814059,
    55.98331065759637,
    56.77278911564626,
    57.58548752834467,
    58.28208616780045,
    58.978684807256236,
    59.675283446712015,
    60.46476190476191,
    61.27746031746032,
    61.9740589569161,
    62.67065759637188,
    63.36725623582767,
    64.15673469387755,
    64.96943310657596,
    65.66603174603175,
    66.36263038548753,
    67.10566893424036,
    67.87192743764173,
    68.66140589569162,
    69.35800453514739,
    70.05460317460317,
    70.82086167800453,
    71.56390022675737,
    72.35337868480725,
    73.04997732426304,
    73.74657596371883,
    74.51283446712019,
    75.25587301587302,
    76.0453514739229,
    76.74195011337868,
    77.43854875283446,
    78.20480725623582,
    78.94784580498866,
    79.73732426303854,
    80.43392290249433,
    81.13052154195012
  ],
  "small_peak_times": [
    0.09287981859410431,
    0.25541950113378686,
    0.603718820861678,
    1.7414965986394557,
    1.9736961451247166,
    2.2058956916099772,
    8.777142857142858,
    9.125442176870749,
    9.58984126984127,
    10.95981859410431,
    11.42421768707483,
    12.469115646258503,
    12.817414965986394,
    13.281814058956916,
    14.651791383219955,
    15.116190476190477,
    15.81278911564626,
    16.16108843537415,
    16.50938775510204,
    16.973786848072564,
    18.3437641723356,
    18.808163265306124,
    19.853061224489796,
    20.66575963718821,
    22.035736961451246,
    24.589931972789117,
    27.817505668934242,
    31.973877551020408,
    35.20145124716553,
    37.73242630385487,
    38.31292517006803,
    39.12562358276644,
    40.49560090702948,
    42.00489795918367,
    42.81759637188209,
    43.86249433106576,
    44.210793650793654,
    44.67519274376417,
    45.348571428571425,
    46.509569160997735,
    47.55446712018141,
    47.9027664399093,
    48.36716553287982,
    49.388843537414964,
    50.20154195011338,
    51.24643990929705,
    51.594739229024945,
    52.05913832199546,
    52.73251700680272,
    53.08081632653061,
    54.9384126984127,
    55.28671201814059,
    55.72789115646258,
    56.77278911564626,
    58.978684807256236,
    59.44308390022676,
    60.46476190476191,
    61.27746031746032,
    62.32235827664399,
    62.67065759637188,
    63.135056689342406,
    64.15673469387755,
    64.50503401360544,
    64.96943310657596,
    66.01433106575963,
    66.36263038548753,
    67.29142857142857,
    68.66140589569162,
    69.70630385487529,
    70.05460317460317,
    70.5190022675737,
    71.54068027210884,
    71.88897959183673,
    72.35337868480725,
    73.39827664399093,
    73.74657596371883,
    74.21097505668934,
    76.0453514739229,
    77.09024943310658,
    77.43854875283446,
    77.90294784580499,
    78.92462585034014,
    79.73732426303854,
    80.78222222222222,
    81.13052154195012,
    81.59492063492064
  ],
  "big_peak_times": [
    1.0448979591836736,
    2.8792743764172335,
    4.73687074829932,
    7.035646258503402,
    8.428843537414966,
    10.263219954648527,
    13.955192743764172,
    17.647165532879818,
    20.201360544217685,
    21.339138321995463,
    25.031111111111112,
    26.888707482993198,
    28.723083900226758,
    30.580680272108843,
    32.41505668934241,
    34.27265306122449,
    36.10702947845805,
    37.964625850340134,
    38.66122448979592,
    39.82222222222222,
    42.353197278911566,
    43.51419501133787,
    46.04517006802721,
    47.206167800453514,
    49.73714285714286,
    50.89814058956916,
    53.893514739229026,
    54.590113378684805,
    56.42448979591837,
    57.58548752834467,
    58.28208616780045,
    60.116462585034014,
    61.9740589569161,
    63.80843537414966,
    65.66603174603175,
    67.5004081632653,
    68.19700680272109,
    69.35800453514739,
    73.04997732426304,
    75.58095238095238,
    76.74195011337868,
    79.27292517006802,
    80.43392290249433
  ],
  "num_beats": 114,
  "num_small_peaks": 86,
  "num_big_peaks": 43
}