{
  "audio_file": "songs\\individual\\Jmilton, CHASHKAKEFIRA - Reinado.mp3",
  "duration": 92.9839455782313,
  "sample_rate": 22050,
  "tempo_bpm": 129.19921875,
  "beat_times": [
    0.09287981859410431,
    0.626938775510204,
    1.1377777777777778,
    1.6950566893424037,
    2.159455782312925,
    2.6238548752834467,
    3.0882539682539685,
    3.5294331065759637,
    3.9938321995464854,
    4.458231292517007,
    4.922630385487528,
    5.38702947845805,
    5.851428571428571,
    6.315827664399093,
    6.780226757369615,
    7.244625850340136,
    7.7090249433106575,
    8.17342403628118,
    8.6378231292517,
    9.079002267573696,
    9.543401360544218,
    10.00780045351474,
    10.47219954648526,
    10.913378684807256,
    11.377777777777778,
    11.842176870748299,
    12.30657596371882,
    12.770975056689343,
    13.235374149659863,
    13.699773242630386,
    14.164172335600908,
    14.605351473922903,
    15.069750566893424,
    15.51092970521542,
    15.952108843537415,
    16.416507936507937,
    16.81124716553288,
    17.182766439909297,
    17.623945578231293,
    18.088344671201813,
    18.552743764172334,
    19.017142857142858,
    19.458321995464853,
    19.922721088435374,
    20.387120181405894,
    20.851519274376418,
    21.31591836734694,
    21.803537414965987,
    22.267936507936508,
    22.709115646258503,
    23.1502947845805,
    23.61469387755102,
    24.079092970521543,
    24.543492063492064,
    25.007891156462584,
    25.472290249433108,
    25.93668934240363,
    26.40108843537415,
    26.842267573696144,
    27.30666666666667,
    27.77106575963719,
    28.23546485260771,
    28.69986394557823,
    29.164263038548754,
    29.60544217687075,
    30.06984126984127,
    30.53424036281179,
    30.998639455782314,
    31.463038548752834,
    31.927437641723355,
    32.391836734693875,
    32.8562358276644,
    33.32063492063492,
    33.78503401360544,
    34.22621315192744,
    34.71383219954649,
    35.178231292517005,
    35.619410430839004,
    36.08380952380952,
    36.548208616780045,
    37.01260770975057,
    37.477006802721085,
    37.918185941043085,
    38.38258503401361,
    38.87020408163265,
    39.31138321995465,
    39.77578231292517,
    40.24018140589569,
    40.704580498866214,
    41.16897959183674,
    41.633378684807255,
    42.074557823129254,
    42.53895691609977,
    43.003356009070295,
    43.46775510204082,
    43.97859410430839,
    44.51265306122449,
    45.023492063492064,
    45.53433106575964,
    46.021950113378686,
    46.46312925170068,
    46.95074829931973,
    47.41514739229025,
    47.85632653061224,
    48.32072562358277,
    48.808344671201816,
    49.27274376417233,
    49.71392290249433,
    50.155102040816324,
    50.61950113378685,
    51.08390022675737,
    51.54829931972789,
    52.01269841269841,
    52.47709750566894,
    52.94149659863945,
    53.38267573696145,
    53.84707482993197,
    54.31147392290249,
    54.77587301587302,
    55.240272108843534,
    55.70467120181406,
    56.16907029478458,
    56.6334693877551,
    57.0746485260771,
    57.51582766439909,
    57.980226757369614,
    58.46784580498866,
    58.93224489795919,
    59.37342403628118,
    59.8378231292517,
    60.30222222222222,
    60.74340136054422,
    61.11492063492064,
    61.486439909297054,
    61.92761904761905,
    62.39201814058957,
    62.85641723356009,
    63.32081632653061,
    63.785215419501135,
    64.24961451247165,
    64.71401360544218,
    65.15519274376418,
    65.6195918367347,
    66.10721088435375,
    66.57160997732426,
    67.01278911564626,
    67.47718820861678,
    67.9415873015873,
    68.40598639455783,
    68.84716553287981,
    69.31156462585034,
    69.77596371882086,
    70.24036281179139,
    70.70476190476191,
    71.16916099773243,
    71.63356009070294,
    72.07473922902494,
    72.53913832199547,
    73.00353741496599,
    73.49115646258504,
    73.95555555555555,
    74.39673469387755,
    74.86113378684807,
    75.3255328798186,
    75.7667120181406,
    76.2311111111111,
    76.69551020408163,
    77.15990929705215,
    77.62430839002268,
    78.0887074829932,
    78.55310657596372,
    79.01750566893423,
    79.48190476190476,
    79.92308390022676,
    80.38748299319728,
    80.8518820861678,
    81.31628117913833,
    81.78068027210884,
    82.24507936507936,
    82.70947845804989,
    83.15065759637189,
    83.61505668934241,
    84.07945578231292,
    84.54385487528344,
    85.00825396825397,
    85.47265306122449,
    85.93705215419502,
    86.40145124716554,
    86.86585034013605,
    87.30702947845805,
    87.7946485260771,
    88.30548752834467,
    88.81632653061224,
    89.37360544217687,
    89.86122448979592,
    90.32562358276644,
    90.81324263038549,
    91.30086167800454,
    91.81170068027211,
    92.29931972789116
  ],
  "small_peak_times": [
    2.391655328798186,
    2.8560544217687074,
    3.0882539682539685,
    4.249251700680272,
    4.713650793650793,
    4.922630385487528,
    6.780226757369615,
    7.918004535147392,
    9.775600907029478,
    10.913378684807256,
    11.633197278911565,
    12.770975056689343,
    14.605351473922903,
    16.068208616780044,
    18.320544217687075,
    18.668843537414965,
    20.503219954648525,
    21.31591836734694,
    22.01251700680272,
    22.360816326530614,
    22.709115646258503,
    23.1502947845805,
    23.405714285714286,
    23.84689342403628,
    24.19519274376417,
    25.704489795918366,
    26.05278911564626,
    27.538866213151927,
    27.88716553287982,
    28.69986394557823,
    29.396462585034012,
    31.463038548752834,
    31.927437641723355,
    33.08843537414966,
    33.78503401360544,
    34.92281179138322,
    35.36399092970522,
    36.29278911564626,
    37.918185941043085,
    39.31138321995465,
    39.77578231292517,
    40.24018140589569,
    40.44916099773243,
    41.16897959183674,
    41.633378684807255,
    42.6550566893424,
    43.003356009070295,
    43.46775510204082,
    44.81451247165533,
    45.302131519274376,
    46.021950113378686,
    47.85632653061224,
    55.240272108843534,
    55.93687074829932,
    57.09786848072562,
    57.77124716553288,
    58.93224489795919,
    61.13814058956916,
    61.46321995464853,
    61.92761904761905,
    62.62421768707483,
    62.97251700680272,
    64.80689342403628,
    65.15519274376418,
    65.6195918367347,
    66.31619047619047,
    66.66448979591837,
    67.01278911564626,
    67.47718820861678,
    67.70938775510204,
    68.15056689342404,
    68.52208616780045,
    68.84716553287981,
    69.31156462585034,
    70.00816326530612,
    70.35646258503401,
    71.84253968253968,
    72.19083900226758,
    72.53913832199547,
    73.00353741496599,
    73.70013605442176,
    75.55773242630386,
    75.90603174603174,
    76.2311111111111,
    76.92770975056689,
    77.7404081632653,
    78.55310657596372,
    79.92308390022676,
    80.38748299319728,
    81.43238095238095,
    82.24507936507936,
    82.47727891156462,
    83.61505668934241,
    85.1243537414966,
    86.40145124716554,
    86.51755102040816,
    86.98195011337869,
    87.30702947845805,
    87.77142857142857,
    88.81632653061224,
    89.62902494331065,
    89.83800453514739
  ],