{
  "audio_file": "songs\\individual\\MGD, Huwngli, Itamar Mc - VEM NO PIQUE.mp3",
  "duration": 100.9774149659864,
  "sample_rate": 22050,
  "tempo_bpm": 129.19921875,
  "beat_times": [
    0.09287981859410431,
    0.5340589569160997,
    0.9752380952380952,
    1.4396371882086167,
    1.9040362811791383,
    2.36843537414966,
    2.8328344671201813,
    3.274013605442177,
    3.7384126984126986,
    4.20281179138322,
    4.667210884353741,
    5.131609977324263,
    5.596009070294785,
    6.03718820861678,
    6.501587301587302,
    6.965986394557823,
    7.430385487528345,
    7.894784580498866,
    8.359183673469389,
    8.823582766439909,
    9.287981859410431,
    9.752380952380953,
    10.216780045351474,
    10.681179138321996,
    11.122358276643991,
    11.586757369614512,
    12.051156462585034,
    12.515555555555556,
    12.979954648526077,
    13.444353741496599,
    13.908752834467121,
    14.349931972789115,
    14.814331065759637,
    15.27873015873016,
    15.74312925170068,
    16.207528344671204,
    16.671927437641724,
    17.136326530612244,
    17.600725623582765,
    18.06512471655329,
    18.506303854875284,
    18.970702947845805,
    19.435102040816325,
    19.89950113378685,
    20.340680272108845,
    20.82829931972789,
    21.292698412698414,
    21.757097505668934,
    22.19827664399093,
    22.66267573696145,
    23.127074829931974,
    23.591473922902495,
    24.055873015873015,
    24.49705215419501,
    24.961451247165535,
    25.425850340136055,
    25.890249433106575,
    26.354648526077096,
    26.81904761904762,
    27.28344671201814,
    27.74784580498866,
    28.189024943310656,
    28.65342403628118,
    29.1178231292517,
    29.58222222222222,
    30.046621315192745,
    30.511020408163265,
    30.975419501133786,
    31.43981859410431,
    31.880997732426305,
    32.345396825396826,
    32.80979591836735,
    33.274195011337866,
    33.73859410430839,
    34.202993197278914,
    34.66739229024943,
    35.131791383219955,
    35.57297052154195,
    36.03736961451247,
    36.501768707482995,
    36.96616780045351,
    37.430566893424036,
    37.89496598639456,
    38.35936507936508,
    38.8237641723356,
    39.2649433106576,
    39.72934240362812,
    40.19374149659864,
    40.658140589569165,
    41.12253968253968,
    41.586938775510205,
    42.05133786848072,
    42.515736961451246,
    42.98013605442177,
    43.42131519274376,
    43.885714285714286,
    44.35011337868481,
    44.81451247165533,
    45.27891156462585,
    45.743310657596375,
    46.20770975056689,
    46.64888888888889,
    47.11328798185941,
    47.57768707482993,
    48.042086167800456,
    48.50648526077097,
    48.970884353741496,
    49.43528344671202,
    49.89968253968254,
    50.340861678004536,
    50.80526077097505,
    51.26965986394558,
    51.7340589569161,
    52.19845804988662,
    52.66285714285714,
    53.127256235827666,
    53.59165532879818,
    54.05605442176871,
    54.52045351473923,
    54.98485260770975,
    55.44925170068027,
    55.89043083900227,
    56.35482993197279,
    56.81922902494331,
    57.283628117913835,
    57.74802721088435,
    58.212426303854876,
    58.6768253968254,
    59.14122448979592,
    59.628843537414966,
    60.116462585034014,
    60.55764172335601,
    60.998820861678006,
    61.46321995464853,
    61.90439909297052,
    62.368798185941046,
    62.83319727891156,
    63.27437641723356,
    63.73877551020408,
    64.2031746031746,
    64.6443537414966,
    65.13197278911565,
    65.59637188208617,
    66.06077097505668,
    66.50195011337868,
    66.98956916099773,
    67.45396825396826,
    67.91836734693878,
    68.35954648526076,
    68.82394557823129,
    69.28834467120181,
    69.75274376417234,
    70.21714285714286,
    70.68154195011338,
    71.1459410430839,
    71.5871201814059,
    72.05151927437642,
    72.49269841269842,
    72.98031746031747,
    73.44471655328798,
    73.88589569160997,
    74.3502947845805,
    74.81469387755102,
    75.27909297052155,
    75.74349206349207,
    76.18467120181406,
    76.6722902494331,
    77.13668934240363,
    77.57786848072563,
    78.04226757369615,
    78.50666666666666,
    78.97106575963718,
    79.43546485260771,
    79.89986394557823,
    80.36426303854876,
    80.82866213151928,
    81.26984126984127,
    81.73424036281179,
    82.19863945578231,
    82.66303854875284,
    83.12743764172336,
    83.59183673469387,
    84.0562358276644,
    84.52063492063492,
    84.96181405895692,
    85.42621315192744,
    85.89061224489797,
    86.35501133786848,
    86.819410430839,
    87.28380952380952,
    87.74820861678005,
    88.18938775510205,
    88.65378684807256,
    89.11818594104308,
    89.5825850340136,
    90.04698412698413,
    90.51138321995465,
    90.97578231292518,
    91.41696145124716,
    91.88136054421769,
    92.34575963718821,
    92.81015873015873,
    93.27455782312926,
    93.73895691609977,
    94.20335600907029,
    94.66775510204081,
    95.10893424036281,
    95.57333333333334,
    96.03773242630386,
    96.50213151927437,
    96.9665306122449,
    97.43092970521542,
    97.89532879818594,
    98.35972789115647,
    98.80090702947845,
    99.26530612244898,
    99.7297052154195,
    100.19410430839002,
    100.56562358276643
  ],