{
  "audio_file": "songs\\individual\\MXZI - MONTAGEM TOMADA.mp3",
  "duration": 67.98476190476191,
  "sample_rate": 22050,
  "tempo_bpm": 129.19921875,
  "beat_times": [
    0.06965986394557823,
    0.5108390022675737,
    0.9520181405895691,
    1.3699773242630386,
    1.8343764172335602,
    2.2987755102040817,
    2.7399546485260773,
    3.2043537414965986,
    3.6687528344671203,
    4.133151927437642,
    4.597551020408163,
    5.061950113378685,
    5.526349206349207,
    5.990748299319728,
    6.431927437641724,
    6.896326530612245,
    7.383945578231293,
    7.848344671201814,
    8.289523809523809,
    8.753922902494331,
    9.218321995464853,
    9.682721088435374,
    10.147120181405896,
    10.611519274376418,
    11.075918367346938,
    11.517097505668934,
    11.981496598639456,
    12.445895691609977,
    12.910294784580499,
    13.374693877551021,
    13.839092970521541,
    14.303492063492063,
    14.767891156462586,
    15.209070294784581,
    15.673469387755102,
    16.137868480725622,
    16.602267573696146,
    17.066666666666666,
    17.531065759637187,
    17.99546485260771,
    18.45986394557823,
    18.901043083900227,
    19.365442176870747,
    19.82984126984127,
    20.29424036281179,
    20.758639455782312,
    21.223038548752836,
    21.687437641723356,
    22.151836734693877,
    22.593015873015872,
    23.057414965986396,
    23.521814058956917,
    23.986213151927437,
    24.450612244897957,
    24.91501133786848,
    25.379410430839002,
    25.843809523809522,
    26.308208616780046,
    26.749387755102042,
    27.213786848072562,
    27.678185941043083,
    28.142585034013607,
    28.606984126984127,
    29.071383219954647,
    29.512562358276643,
    29.976961451247167,
    30.441360544217687,
    30.905759637188208,
    31.37015873015873,
    31.90421768707483,
    32.41505668934241,
    32.92589569160998,
    33.436734693877554,
    33.924353741496596,
    34.365532879818595,
    34.82993197278912,
    35.294331065759636,
    35.75873015873016,
    36.22312925170068,
    36.6875283446712,
    37.151927437641724,
    37.593106575963716,
    38.05750566893424,
    38.521904761904764,
    38.98630385487528,
    39.450702947845805,
    39.91510204081633,
    40.379501133786846,
    40.820680272108845,
    41.28507936507936,
    41.749478458049886,
    42.21387755102041,
    42.67827664399093,
    43.14267573696145,
    43.607074829931975,
    44.07147392290249,
    44.51265306122449,
    44.977052154195015,
    45.464671201814056,
    46.021950113378686,
    46.602448979591834,
    47.06684807256236,
    47.53124716553288,
    47.9956462585034,
    48.46004535147392,
    48.92444444444445,
    49.36562358276644,
    49.83002267573696,
    50.29442176870748,
    50.758820861678004,
    51.22321995464853,
    51.687619047619044,
    52.15201814058957,
    52.61641723356009,
    53.057596371882084,
    53.52199546485261,
    53.98639455782313,
    54.45079365079365,
    54.91519274376417,
    55.3795918367347,
    55.843990929705214,
    56.30839002267574,
    56.77278911564626,
    57.213968253968254,
    57.67836734693878,
    58.142766439909295,
    58.60716553287982,
    59.07156462585034,
    59.53596371882086,
    59.97714285714286,
    60.441541950113375,
    60.9059410430839,
    61.44,
    61.95083900226757,
    62.461678004535145,
    62.97251700680272,
    63.46013605442177,
    63.92453514739229,
    64.38893424036281,
    64.83011337868481,
    65.29451247165532,
    65.75891156462585,
    66.2465306122449,
    66.6877097505669,
    67.1288888888889,
    67.5932879818594
  ],
  "small_peak_times": [
    2.5309750566893423,
    3.2043537414965986,
    4.365351473922902,
    4.9458503401360545,
    5.061950113378685,
    5.526349206349207,
    7.848344671201814,
    8.289523809523809,
    9.450521541950113,
    10.147120181405896,
    10.379319727891156,
    10.611519274376418,
    12.213696145124716,
    12.445895691609977,
    13.142494331065759,
    13.839092970521541,
    14.071292517006803,
    14.303492063492063,
    15.673469387755102,
    15.905668934240364,
    16.834467120181404,
    17.531065759637187,
    17.76326530612245,
    17.99546485260771,
    19.59764172335601,
    19.82984126984127,
    20.526439909297054,
    21.223038548752836,
    21.455238095238094,
    21.687437641723356,
    23.057414965986396,
    23.289614512471655,
    23.870113378684806,
    24.450612244897957,
    24.68281179138322,
    25.379410430839002,
    26.05278911564626,
    26.308208616780046,
    27.213786848072562,
    27.562086167800455,
    28.374784580498865,
    29.071383219954647,
    29.744761904761905,
    30.441360544217687,
    30.67356009070295,
    31.60235827664399,
    32.066757369614514,
    32.298956916099776,
    32.53115646258503,
    32.76335600907029,
    34.365532879818595,
    36.45532879818594,
    38.2897052154195,
    39.21850340136054,
    39.450702947845805,
    39.68290249433107,
    40.49560090702948,
    41.05287981859411,
    41.28507936507936,
    41.98167800453515,
    42.32997732426304,
    42.91047619047619,
    43.37487528344671,
    43.607074829931975,
    44.74485260770975,
    44.977052154195015,
    45.67365079365079,
    46.37024943310658,
    46.602448979591834,
    48.46004535147392,
    50.29442176870748,
    53.75419501133787,
    54.68299319727891,
    54.91519274376417,
    56.540589569161,
    58.37496598639456,
    58.60716553287982,
    61.13814058956916,
    62.0669387755102,
    62.299138321995464,
    63.92453514739229,
    65.75891156462585,
    65.99111111111111,
    67.36108843537414
  ],
  "big_peak_times": [
    0.06965986394557823,
    1.3467573696145125,
    2.2987755102040817,
    2.7399546485260773,
    3.6687528344671203,
    4.133151927437642,
    4.481451247165533,
    4.597551020408163,
    4.829750566893424,
    5.9675283446712015,
    6.431927437641724,
    6.896326530612245,
    7.383945578231293,
    8.753922902494331,
    16.137868480725622,
    23.521814058956917,
    24.2184126984127,
    27.910385487528345,
    28.142585034013607,
    30.905759637188208,
    35.294331065759636,
    37.82530612244898,
    38.05750566893424,
    38.98630385487528,
    40.820680272108845,
    41.749478458049886,
    42.67827664399093,
    43.14267573696145,
    43.83927437641724,
    44.18757369614512,
    44.51265306122449,
    45.44145124716553,
    47.53124716553288,
    49.36562358276644,
    50.062222222222225,
    51.687619047619044,
    53.057596371882084,
    57.446167800453516,
    60.441541950113375,
    64.83011337868481,
    67.5932879818594,
    67.82548752834467
  ],
  "num_beats": 146,
  "num_small_peaks": 84,
  "num_big_peaks": 42
}