{
  "audio_file": "songs\\individual\\Nateki, Scythermane, MC MAYAH - Funk de Beleza - Slowed.mp3",
  "duration": 142.98231292517008,
  "sample_rate": 22050,
  "tempo_bpm": 107.666015625,
  "beat_times": [
    0.09287981859410431,
    0.6965986394557823,
    1.2770975056689342,
    1.8575963718820863,
    2.4380952380952383,
    2.995374149659864,
    3.5526530612244898,
    4.133151927437642,
    4.667210884353741,
    5.2477097505668935,
    5.851428571428571,
    6.408707482993197,
    6.989206349206349,
    7.523265306122449,
    8.126984126984127,
    8.684263038548753,
    9.218321995464853,
    9.775600907029478,
    10.379319727891156,
    10.936598639455783,
    11.493877551020407,
    12.051156462585034,
    12.654875283446712,
    13.188934240362812,
    13.746213151927437,
    14.32671201814059,
    14.907210884353741,
    15.464489795918368,
    16.04498866213152,
    16.579047619047618,
    17.182766439909297,
    17.716825396825396,
    18.274104308390022,
    18.715283446712018,
    19.156462585034014,
    19.71374149659864,
    20.271020408163267,
    20.82829931972789,
    21.385578231292516,
    21.966077097505668,
    22.54657596371882,
    23.103854875283446,
    23.661133786848072,
    24.241632653061224,
    24.822131519274375,
    25.402630385487527,
    25.93668934240363,
    26.493968253968255,
    27.074467120181406,
    27.631746031746033,
    28.189024943310656,
    28.76952380952381,
    29.326802721088434,
    29.88408163265306,
    30.464580498866212,
    31.045079365079363,
    31.62557823129252,
    32.182857142857145,
    32.74013605442177,
    33.29741496598639,
    33.85469387755102,
    34.43519274376417,
    34.9924716553288,
    35.57297052154195,
    36.13024943310658,
    36.710748299319725,
    37.268027210884355,
    37.82530612244898,
    38.40580498866213,
    38.963083900226756,
    39.52036281179139,
    40.100861678004534,
    40.68136054421769,
    41.23863945578231,
    41.795918367346935,
    42.353197278911566,
    42.93369614512471,
    43.490975056689344,
    44.04825396825397,
    44.62875283446712,
    45.186031746031745,
    45.7665306122449,
    46.32380952380952,
    46.88108843537415,
    47.4615873015873,
    48.01886621315193,
    48.59936507936508,
    49.1566439909297,
    49.73714285714286,
    50.31764172335601,
    50.85170068027211,
    51.40897959183673,
    51.98947845804989,
    52.54675736961451,
    53.10403628117914,
    53.56843537414966,
    54.265034013605444,
    54.79909297052154,
    55.3795918367347,
    55.93687074829932,
    56.517369614512475,
    57.0746485260771,
    57.63192743764172,
    58.18920634920635,
    58.7697052154195,
    59.32698412698413,
    59.90748299319728,
    60.48798185941043,
    61.06848072562358,
    61.62575963718821,
    62.15981859410431,
    62.74031746031746,
    63.32081632653061,
    63.87809523809524,
    64.43537414965986,
    65.01587301587301,
    65.59637188208617,
    66.1536507936508,
    66.71092970521542,
    67.26820861678004,
    67.87192743764173,
    68.40598639455783,
    68.96326530612245,
    69.5437641723356,
    70.10104308390022,
    70.68154195011338,
    71.23882086167801,
    71.79609977324263,
    72.37659863945578,
    72.9338775510204,
    73.49115646258504,
    74.07165532879819,
    74.65215419501133,
    75.20943310657596,
    75.7667120181406,
    76.2311111111111,
    76.69551020408163,
    77.18312925170068,
    77.76362811791383,
    78.34412698412699,
    78.87818594104309,
    79.48190476190476,
    80.03918367346938,
    80.59646258503402,
    81.15374149659864,
    81.71102040816326,
    82.29151927437641,
    82.87201814058957,
    83.40607709750567,
    83.98657596371882,
    84.54385487528344,
    85.1243537414966,
    85.68163265306123,
    86.23891156462585,
    86.819410430839,
    87.39990929705215,
    87.95718820861678,
    88.53768707482993,
    89.11818594104308,
    89.65224489795918,
    90.20952380952382,
    90.76680272108844,
    91.32408163265306,
    91.90458049886621,
    92.46185941043083,
    93.042358276644,
    93.59963718820862,
    94.15691609977324,
    94.71419501133786,
    95.29469387755103,
    95.85197278911565,
    96.40925170068027,
    96.98975056689342,
    97.57024943310658,
    98.1275283446712,
    98.68480725623583,
    99.26530612244898,
    99.8225850340136,
    100.40308390022676,
    100.96036281179138,
    101.54086167800453,
    102.09814058956916,
    102.65541950113379,
    103.21269841269842,
    103.79319727891156,
    104.35047619047619,
    104.93097505668935,
    105.48825396825397,
    106.06875283446712,
    106.62603174603174,
    107.18331065759637,
    107.740589569161,
    108.32108843537415,
    108.87836734693877,
    109.45886621315192,
    110.01614512471656,
    110.5966439909297,
    111.15392290249433,
    111.71120181405895,
    112.29170068027211,
    112.84897959183674,
    113.40625850340136,
    113.98675736961451,
    114.54403628117913,
    115.1245351473923,
    115.68181405895692,
    116.26231292517006,
    116.81959183673469,
    117.40009070294785,
    117.95736961451247,
    118.5146485260771,
    119.09514739229024,
    119.65242630385488,
    120.23292517006803,
    120.79020408163265,
    121.34748299319727,
    121.92798185941044,
    122.48526077097506,
    123.04253968253968,
    123.62303854875283,
    124.18031746031745,
    124.73759637188209,
    125.31809523809524,
    125.87537414965986,
    126.45587301587301,
    127.01315192743765,
    127.57043083900227,
    128.15092970521542,
    128.73142857142858,
    129.2887074829932,
    129.8227664399093,
    130.40326530612245,
    130.9837641723356,
    131.54104308390023,
    132.09832199546486,
    132.56272108843538,
    133.14321995464852,
    133.81659863945578,
    134.3738775510204,
    134.95437641723356,
    135.51165532879818,
    136.0689342403628,
    136.62621315192743,
    137.2299319727891,
    137.78721088435375,
    138.34448979591838
  ],