{
  "audio_file": "songs\\individual\\Repsaj, ATLXS, Mc Jhey - MONTAGEM BAIL\u00c3O.mp3",
  "duration": 101.99619047619048,
  "sample_rate": 22050,
  "tempo_bpm": 129.19921875,
  "beat_times": [
    0.09287981859410431,
    0.6501587301587302,
    1.1609977324263039,
    1.6253968253968254,
    2.089795918367347,
    2.5309750566893423,
    2.995374149659864,
    3.4597732426303853,
    3.924172335600907,
    4.388571428571429,
    4.85297052154195,
    5.317369614512471,
    5.7817687074829935,
    6.246167800453515,
    6.6873469387755105,
    7.151746031746032,
    7.616145124716553,
    8.080544217687075,
    8.544943310657596,
    8.986122448979591,
    9.450521541950113,
    9.914920634920636,
    10.379319727891156,
    10.843718820861678,
    11.284897959183674,
    11.77251700680272,
    12.236916099773243,
    12.701315192743763,
    13.165714285714285,
    13.676553287981859,
    14.210612244897959,
    14.767891156462586,
    15.232290249433106,
    15.696689342403628,
    16.16108843537415,
    16.62548752834467,
    17.08988662131519,
    17.554285714285715,
    18.018684807256236,
    18.45986394557823,
    18.92426303854875,
    19.388662131519276,
    19.853061224489796,
    20.317460317460316,
    20.78185941043084,
    21.24625850340136,
    21.71065759637188,
    22.151836734693877,
    22.6162358276644,
    23.08063492063492,
    23.54503401360544,
    24.009433106575965,
    24.473832199546486,
    24.938231292517006,
    25.402630385487527,
    25.843809523809522,
    26.308208616780046,
    26.79582766439909,
    27.260226757369615,
    27.70140589569161,
    28.16580498866213,
    28.63020408163265,
    29.071383219954647,
    29.53578231292517,
    30.00018140589569,
    30.464580498866212,
    30.905759637188208,
    31.37015873015873,
    31.857777777777777,
    32.3221768707483,
    32.78657596371882,
    33.25097505668934,
    33.69215419501134,
    34.15655328798186,
    34.62095238095238,
    35.085351473922906,
    35.54975056689342,
    36.014149659863946,
    36.45532879818594,
    36.91972789115646,
    37.384126984126986,
    37.8485260770975,
    38.31292517006803,
    38.75410430839002,
    39.24172335600907,
    39.70612244897959,
    40.170521541950116,
    40.61170068027211,
    41.07609977324263,
    41.54049886621315,
    42.00489795918367,
    42.44607709750567,
    42.93369614512471,
    43.39809523809524,
    43.86249433106576,
    44.30367346938775,
    44.76807256235828,
    45.2324716553288,
    45.69687074829932,
    46.16126984126984,
    46.625668934240366,
    47.09006802721088,
    47.55446712018141,
    47.9956462585034,
    48.46004535147392,
    48.92444444444445,
    49.388843537414964,
    49.85324263038549,
    50.31764172335601,
    50.78204081632653,
    51.24643990929705,
    51.687619047619044,
    52.15201814058957,
    52.61641723356009,
    53.08081632653061,
    53.54521541950113,
    54.00961451247166,
    54.474013605442174,
    54.9384126984127,
    55.3795918367347,
    55.843990929705214,
    56.30839002267574,
    56.77278911564626,
    57.23718820861678,
    57.7015873015873,
    58.16598639455783,
    58.60716553287982,
    59.07156462585034,
    59.53596371882086,
    60.00036281179138,
    60.46476190476191,
    60.929160997732424,
    61.39356009070295,
    61.85795918367347,
    62.32235827664399,
    62.78675736961451,
    63.25115646258504,
    63.715555555555554,
    64.17995464852608,
    64.6443537414966,
    65.10875283446713,
    65.54993197278911,
    66.01433106575963,
    66.47873015873016,
    66.91990929705216,
    67.38430839002268,
    67.84870748299319,
    68.31310657596372,
    68.77750566893424,
    69.24190476190476,
    69.70630385487529,
    70.14748299319727,
    70.6118820861678,
    71.07628117913832,
    71.54068027210884,
    72.00507936507937,
    72.46947845804989,
    72.9338775510204,
    73.39827664399093,
    73.83945578231292,
    74.30385487528345,
    74.76825396825397,
    75.2326530612245,
    75.697052154195,
    76.16145124716553,
    76.62585034013605,
    77.09024943310658,
    77.53142857142858,
    77.99582766439909,
    78.48344671201814,
    78.94784580498866,
    79.38902494331066,
    79.85342403628118,
    80.3178231292517,
    80.78222222222222,
    81.22340136054422,
    81.68780045351474,
    82.15219954648526,
    82.61659863945579,
    83.0809977324263,
    83.54539682539682,
    84.00979591836735,
    84.47419501133787,
    84.91537414965987,
    85.37977324263039,
    85.86739229024943,
    86.33179138321995,
    86.77297052154195,
    87.23736961451247,
    87.701768707483,
    88.16616780045351,
    88.6073469387755,
    89.0485260770975,
    89.53614512471655,
    90.00054421768708,
    90.4649433106576,
    90.92934240362811,
    91.39374149659864,
    91.88136054421769,
    92.36897959183673,
    92.85659863945578,
    93.34421768707483,
    93.83183673469388,
    94.31945578231293,
    94.80707482993198,
    95.29469387755103,
    95.75909297052154,
    96.24671201814058,
    96.71111111111111,
    97.17551020408163,
    97.66312925170068,
    98.10430839002268,
    98.56870748299319,
    99.03310657596371,
    99.47428571428571,
    99.91546485260771,
    100.40308390022676
  ],
  "small_peak_times": [
    0.23219954648526078,
    0.9287981859410431,
    2.089795918367347,
    2.5309750566893423,
    3.924172335600907,
    4.85297052154195,
    5.7817687074829935,
    7.244625850340136,
    7.616145124716553,
    7.87156462585034,
    9.009342403628118,
    9.218321995464853,
    9.914920634920636,
    11.517097505668934,
    13.142494331065759,
    15.696689342403628,
    17.066666666666666,
    17.554285714285715,
    18.692063492063493,
    19.156462585034014,
    19.620861678004534,
    20.317460317460316,
    21.0140589569161,
    21.24625850340136,
    22.84843537414966,
    23.08063492063492,
    24.473832199546486,
    24.938231292517006,
    26.076009070294784,
    26.540408163265305,
    28.16580498866213,
    30.232380952380954,
    30.696780045351474,
    31.045079365079363,
    31.230839002267572,
    31.857777777777777,
    32.298956916099776,
    34.15655328798186,
    34.73705215419501,
    35.085351473922906,
    35.54975056689342,
    36.014149659863946,
    37.61632653061225,
    38.080725623582765,
    38.42902494331066,
    39.24172335600907,
    39.70612244897959,
    40.263401360544215,
    40.58848072562358,
    41.07609977324263,
    42.120997732426304,
    42.70149659863946,
    42.93369614512471,
    43.39809523809524,
    44.535873015873015,
    45.00027210884354,
    45.2324716553288,
    46.625668934240366,
    47.09006802721088,
    48.22784580498866,
    48.46004535147392,
    50.08544217687075,
    50.31764172335601,
    50.54984126984127,
    50.78204081632653,
    51.919818594104306,
    52.38421768707483,
    53.19691609977324,
    53.777414965986395,
    54.00961451247166,
    54.474013605442174,
    55.61179138321995,
    56.076190476190476,
    56.540589569161,
    57.23718820861678,
    57.7015873015873,
    57.933786848072565,
    60.232562358276645,
    60.929160997732424,
    61.39356009070295,
    65.75891156462585,
    66.47873015873016,
    66.91990929705216,
    67.15210884353742,
    68.31310657596372,
    68.77750566893424,
    69.24190476190476,
    70.12426303854875,
    70.84408163265306,
    71.30848072562358,
    72.9338775510204,
    74.53605442176871,
    74.76825396825397,
    75.92925170068027,
    76.16145124716553,
    76.62585034013605,
    77.76362811791383,
    79.38902494331066,
    79.85342403628118,
    80.08562358276644,
    80.3178231292517,
    81.92,
    83.54539682539682,
    84.00979591836735,
    85.37977324263039,
    87.00517006802721,
    87.23736961451247,
    87.46956916099774,
    89.0485260770975,
    96.50213151927437,
    96.71111111111111,
    97.17551020408163,
    100.40308390022676,
    100.86748299319729
  ],