{
  "audio_file": "songs\\individual\\Slxughter - Fragment ( Best Part  Slowed  Reverb ).mp3",
  "duration": 144.19591836734693,
  "sample_rate": 22050,
  "tempo_bpm": 89.10290948275862,
  "beat_times": [
    0.18575963718820862,
    0.8823582766439909,
    1.5789569160997732,
    2.2755555555555556,
    2.9024943310657596,
    3.575873015873016,
    4.249251700680272,
    4.9458503401360545,
    5.61922902494331,
    6.292607709750567,
    6.965986394557823,
    7.63936507936508,
    8.335963718820862,
    8.986122448979591,
    9.659501133786849,
    10.356099773242631,
    11.029478458049887,
    11.702857142857143,
    12.376235827664399,
    13.049614512471654,
    13.746213151927437,
    14.396371882086168,
    15.069750566893424,
    15.766349206349206,
    16.439727891156462,
    17.11310657596372,
    17.786485260770974,
    18.45986394557823,
    19.156462585034014,
    19.82984126984127,
    20.503219954648525,
    21.176598639455783,
    21.849977324263037,
    22.523356009070294,
    23.196734693877552,
    23.870113378684806,
    24.589931972789117,
    25.26331065759637,
    25.93668934240363,
    26.610068027210886,
    27.28344671201814,
    27.956825396825398,
    28.63020408163265,
    29.326802721088434,
    30.00018140589569,
    30.67356009070295,
    31.346938775510203,
    32.02031746031746,
    32.69369614512472,
    33.36707482993197,
    34.04045351473923,
    34.71383219954649,
    35.41043083900227,
    36.08380952380952,
    36.75718820861678,
    37.430566893424036,
    38.10394557823129,
    38.77732426303855,
    39.450702947845805,
    40.147301587301584,
    40.820680272108845,
    41.4940589569161,
    42.16743764172335,
    42.840816326530614,
    43.51419501133787,
    44.18757369614512,
    44.860952380952384,
    45.55755102040816,
    46.20770975056689,
    46.90430839002268,
    47.57768707482993,
    48.251065759637186,
    48.92444444444445,
    49.621043083900226,
    50.29442176870748,
    50.96780045351474,
    51.66439909297052,
    52.33777777777778,
    53.011156462585035,
    53.68453514739229,
    54.381133786848075,
    55.05451247165533,
    55.72789115646258,
    56.401269841269844,
    57.09786848072562,
    57.77124716553288,
    58.44462585034014,
    59.11800453514739,
    59.81460317460318,
    60.48798185941043,
    61.161360544217686,
    61.85795918367347,
    62.531337868480726,
    63.20471655328798,
    63.87809523809524,
    64.57469387755103,
    65.24807256235827,
    65.92145124716554,
    66.61804988662132,
    67.29142857142857,
    68.01124716553288,
    68.68462585034014,
    69.33478458049886,
    70.00816326530612,
    70.68154195011338,
    71.35492063492063,
    72.02829931972789,
    72.72489795918368,
    73.39827664399093,
    74.07165532879819,
    74.76825396825397,
    75.46485260770974,
    76.138231292517,
    76.81160997732427,
    77.48498866213151,
    78.15836734693877,
    78.83174603174604,
    79.52834467120181,
    80.20172335600907,
    80.89832199546485,
    81.57170068027212,
    82.24507936507936,
    82.91845804988662,
    83.59183673469387,
    84.28843537414966,
    84.96181405895692,
    85.63519274376418,
    86.33179138321995,
    87.00517006802721,
    87.67854875283447,
    88.37514739229024,
    89.0485260770975,
    89.72190476190477,
    90.41850340136054,
    91.0918820861678,
    91.76526077097506,
    92.43863945578231,
    93.1352380952381,
    93.80861678004536,
    94.50521541950113,
    95.17859410430839,
    95.85197278911565,
    96.5253514739229,
    97.19873015873016,
    97.89532879818594,
    98.61514739229025,
    99.31174603174603,
    99.91546485260771,
    100.6120634920635,
    101.28544217687075,
    101.958820861678,
    102.63219954648527,
    103.32879818594104,
    104.0021768707483,
    104.67555555555556,
    105.34893424036281,
    106.02231292517007,
    106.69569160997733,
    107.36907029478458,
    108.04244897959184,
    108.73904761904762,
    109.41242630385487,
    110.08580498866213,
    110.7591836734694,
    111.43256235827664,
    112.1059410430839,
    112.77931972789116,
    113.45269841269841,
    114.1492970521542,
    114.82267573696146,
    115.4960544217687,
    116.16943310657597,
    116.84281179138323,
    117.51619047619047,
    118.18956916099773,
    118.86294784580498,
    119.55954648526077,
    120.23292517006803,
    120.90630385487529,
    121.57968253968254,
    122.27628117913832,
    122.94965986394558,
    123.62303854875283,
    124.29641723356009,
    124.99301587301588,
    125.66639455782312,
    126.33977324263039,
    127.01315192743765,
    127.6865306122449,
    128.35990929705216,
    129.03328798185942,
    129.70666666666668,
    130.40326530612245,
    131.0766439909297,
    131.75002267573697,
    132.4234013605442,
    133.09678004535147,
    133.77015873015873,
    134.443537414966,
    135.11691609977325,
    135.81351473922902,
    136.48689342403628,
    137.16027210884354,
    137.8336507936508,
    138.50702947845804,
    139.1804081632653,
    139.85378684807256,
    140.52716553287982,
    141.2237641723356,
    141.89714285714285,
    142.57052154195011,
    143.24390022675738
  ],
  "small_peak_times": [
    1.5789569160997732,
    4.249251700680272,
    4.9458503401360545,
    6.965986394557823,
    9.659501133786849,
    11.029478458049887,
    12.051156462585034,
    12.376235827664399,
    13.049614512471654,
    14.744671201814059,
    15.069750566893424,
    20.154920634920636,
    20.503219954648525,
    22.871655328798187,
    23.196734693877552,
    25.93668934240363,
    31.346938775510203,
    33.715374149659866,
    34.04045351473923,
    34.71383219954649,
    36.40888888888889,
    36.75718820861678,
    39.12562358276644,
    39.450702947845805,
    42.16743764172335,
    44.535873015873015,
    44.860952380952384,
    45.55755102040816,
    47.57768707482993,
    50.29442176870748,
    55.3795918367347,
    55.72789115646258,
    58.096326530612245,
    63.87809523809524,
    66.26975056689342,
    66.61804988662132,
    70.00816326530612,
    70.68154195011338,
    71.70321995464853,
    76.138231292517,
    80.20172335600907,
    80.89832199546485,
    82.24507936507936,
    83.59183673469387,
    84.28843537414966,
    84.96181405895692,
    85.63519274376418,
    86.65687074829933,
    87.67854875283447,
    88.37514739229024,
    89.72190476190477,
    91.0918820861678,
    92.43863945578231,
    93.80861678004536,
    94.50521541950113,
    95.85197278911565,
    96.5253514739229,
    97.54702947845804,
    98.63836734693878,
    99.31174603174603,
    100.2637641723356,
    104.67555555555556,
    109.73750566893425,
    110.08580498866213,
    110.7591836734694,
    112.45424036281179,
    115.4960544217687,
    117.86448979591837,
    118.18956916099773,
    120.55800453514739,
    120.90630385487529,
    122.27628117913832,
    126.33977324263039,
    129.03328798185942,
    129.70666666666668,
    131.40172335600906,
    131.75002267573697,
    132.4234013605442,
    134.1184580498866,
    136.81197278911566,
    137.16027210884354,
    139.85378684807256,
    140.52716553287982,
    142.22222222222223,
    142.57052154195011
  ],